OWNER|FK_NAME|SRC_TABLE|SRC_COLUMN|TGT_TABLE|TGT_COLUMN|POSITION
FUSION|UNKNOWN_FK|PO_AGENT_ACCESSES|ASSIGNMENT_ID|po_agent_assignments|UNKNOWN|1
FUSION|UNKNOWN_FK|PO_AGENT_ASSIGNMENTS|ASSIGNMENT_ID|po_agent_assignments|UNKNOWN|1
FUSION|UNKNOWN_FK|PO_AGENTS|CATEGORY_ID|egp_categories_b|UNKNOWN|1
FUSION|UNKNOWN_FK|PO_APPROVED_SUPPLIER_LIST|ASL_STATUS_ID|po_asl_statuses|UNKNOWN|1
FUSION|UNKNOWN_FK|PO_APPROVED_SUPPLIER_LIST|VENDOR_ID|poz_suppliers|UNKNOWN|1
FUSION|UNKNOWN_FK|PO_APPROVED_SUPPLIER_LIST|ASL_ID|po_approved_supplier_list|UNKNOWN|1
FUSION|UNKNOWN_FK|PO_APPROVED_SUPPLIER_LIST|ASL_ID|po_approved_supplier_list|UNKNOWN|1
FUSION|UNKNOWN_FK|PO_ASL_ATTRIBUTES|ASL_ID|po_approved_supplier_list|UNKNOWN|1
FUSION|UNKNOWN_FK|PO_ASL_DOCUMENTS|ASL_ID|po_approved_supplier_list|UNKNOWN|1
FUSION|UNKNOWN_FK|PO_ASL_STATUSES|ASL_STATUS_ID|po_asl_statuses|UNKNOWN|1
FUSION|UNKNOWN_FK|PO_ATTRIBUTE_VALUES|PO_LINE_ID|po_lines_all|UNKNOWN|1
FUSION|UNKNOWN_FK|PO_ATTRIBUTE_VALUES|PO_HEADER_ID|po_headers_all|UNKNOWN|1
FUSION|UNKNOWN_FK|PO_ATTRIBUTE_VALUES_DRAFT|PO_LINE_ID|po_lines_draft_all|UNKNOWN|1
FUSION|UNKNOWN_FK|PO_ATTRIBUTE_VALUES_TLP|PO_LINE_ID|po_lines_all|UNKNOWN|1
FUSION|UNKNOWN_FK|PO_ATTRIBUTE_VALUES_TLP_DRAFT|PO_LINE_ID|po_lines_draft_all|UNKNOWN|1
FUSION|UNKNOWN_FK|PO_ATTR_VALUES_INTERFACE|INTERFACE_LINE_ID|po_lines_interface|UNKNOWN|1
FUSION|UNKNOWN_FK|PO_CO_TEMPLATE_ATTR_VALUES|TEMPLATE_ID|po_co_templates_b|UNKNOWN|1
FUSION|UNKNOWN_FK|PO_CO_TEMPLATES_B|SEEDED_TEMPLATE_ID|po_co_templates_b|UNKNOWN|1
FUSION|UNKNOWN_FK|PO_CO_TEMPLATES_B|SEEDED_TEMPLATE_ID|po_co_templates_b|UNKNOWN|1
FUSION|UNKNOWN_FK|PO_CO_TEMPLATES_B|TEMPLATE_ID|po_co_templates_b|UNKNOWN|1
FUSION|UNKNOWN_FK|PO_CO_TEMPLATES_B|CO_TEMPLATE_ID|po_co_templates_b|UNKNOWN|1
FUSION|UNKNOWN_FK|PO_CO_TEMPLATES_B|TEMPLATE_ID|po_co_templates_b|UNKNOWN|1
FUSION|UNKNOWN_FK|PO_CO_TEMPLATES_TL|TEMPLATE_ID|po_co_templates_b|UNKNOWN|1
FUSION|UNKNOWN_FK|PO_DISTRIBUTIONS_ALL|PO_DISTRIBUTION_ID|po_distributions_all|UNKNOWN|1
FUSION|UNKNOWN_FK|PO_DISTRIBUTIONS_ALL|PO_DISTRIBUTION_ID|po_distributions_all|UNKNOWN|1
FUSION|UNKNOWN_FK|PO_DISTRIBUTIONS_ALL|PO_DISTRIBUTION_ID|po_distributions_all|UNKNOWN|1
FUSION|UNKNOWN_FK|PO_DISTRIBUTIONS_ALL|PO_DISTRIBUTION_ID|po_distributions_all|UNKNOWN|1
FUSION|UNKNOWN_FK|PO_DISTRIBUTIONS_ALL|PO_DISTRIBUTION_ID|po_distributions_all|UNKNOWN|1
FUSION|UNKNOWN_FK|PO_DISTRIBUTIONS_ALL|PO_DISTRIBUTION_ID|po_distributions_all|UNKNOWN|1
FUSION|UNKNOWN_FK|PO_DISTRIBUTIONS_ALL|PO_DISTRIBUTION_ID|po_distributions_all|UNKNOWN|1
FUSION|UNKNOWN_FK|PO_DISTRIBUTIONS_ALL|PO_DISTRIBUTION_ID|po_distributions_all|UNKNOWN|1
FUSION|UNKNOWN_FK|PO_DISTRIBUTIONS_ALL|PO_DISTRIBUTION_ID|po_distributions_all|UNKNOWN|1
FUSION|UNKNOWN_FK|PO_DISTRIBUTIONS_ALL|PO_DISTRIBUTION_ID|po_distributions_all|UNKNOWN|1
FUSION|UNKNOWN_FK|PO_DISTRIBUTIONS_ALL|PO_DISTRIBUTION_ID|po_distributions_all|UNKNOWN|1
FUSION|UNKNOWN_FK|PO_DISTRIBUTIONS_ARCHIVE_ALL|PO_HEADER_ID|po_headers_all|UNKNOWN|1
FUSION|UNKNOWN_FK|PO_DISTRIBUTIONS_DRAFT_ALL|LINE_LOCATION_ID|po_line_locations_draft_all|UNKNOWN|1
FUSION|UNKNOWN_FK|PO_DISTRIBUTIONS_INTERFACE|INTERFACE_LINE_LOCATION_ID|po_line_locations_interface|UNKNOWN|1
FUSION|UNKNOWN_FK|PO_DOC_STYLE_HEADERS|STYLE_ID|po_doc_style_headers|UNKNOWN|1
FUSION|UNKNOWN_FK|PO_DOC_STYLE_HEADERS|PO_STYLE_ID|po_doc_style_headers|UNKNOWN|1
FUSION|UNKNOWN_FK|PO_DOC_STYLE_HEADERS|STYLE_ID|po_doc_style_headers|UNKNOWN|1
FUSION|UNKNOWN_FK|PO_DOC_STYLE_LINES_B|STYLE_ID|po_doc_style_headers|UNKNOWN|1
FUSION|UNKNOWN_FK|PO_DOC_STYLE_LINES_B|STYLE_ID, DOCUMENT_SUBTYPE|po_doc_style_lines_b|UNKNOWN|1
FUSION|UNKNOWN_FK|PO_DOC_STYLE_LINES_TL|STYLE_ID, DOCUMENT_SUBTYPE|po_doc_style_lines_b|UNKNOWN|1
FUSION|UNKNOWN_FK|PO_DOC_STYLE_VALUES|STYLE_ID|po_doc_style_headers|UNKNOWN|1
FUSION|UNKNOWN_FK|PO_DOCUMENT_TYPES_ALL_B|CO_TEMPLATE_ID|po_co_templates_b|UNKNOWN|1
FUSION|UNKNOWN_FK|PO_DOCUMENT_TYPES_ALL_B|DOCUMENT_TYPE_CODE, DOCUMENT_SUBTYPE, PRC_BU_ID|po_document_types_all_b|UNKNOWN|1
FUSION|UNKNOWN_FK|PO_DOCUMENT_TYPES_ALL_TL|DOCUMENT_TYPE_CODE, DOCUMENT_SUBTYPE, PRC_BU_ID|po_document_types_all_b|UNKNOWN|1
FUSION|UNKNOWN_FK|PO_GA_ORG_ASSIGN_DRAFT|PO_HEADER_ID|po_headers_draft_all|UNKNOWN|1
FUSION|UNKNOWN_FK|PO_GA_ORG_ASSIGNMENTS|PO_HEADER_ID|po_headers_all|UNKNOWN|1
FUSION|UNKNOWN_FK|PO_HAZARD_CLASSES_B|HAZARD_CLASS_ID|po_hazard_classes_b|UNKNOWN|1
FUSION|UNKNOWN_FK|PO_HAZARD_CLASSES_B|HAZARD_CLASS_ID|po_hazard_classes_b|UNKNOWN|1
FUSION|UNKNOWN_FK|PO_HAZARD_CLASSES_B|HAZARD_CLASS_ID|po_hazard_classes_b|UNKNOWN|1
FUSION|UNKNOWN_FK|PO_HAZARD_CLASSES_B|HAZARD_CLASS_ID|po_hazard_classes_b|UNKNOWN|1
FUSION|UNKNOWN_FK|PO_HAZARD_CLASSES_B|HAZARD_CLASS_ID|po_hazard_classes_b|UNKNOWN|1
FUSION|UNKNOWN_FK|PO_HAZARD_CLASSES_TL|HAZARD_CLASS_ID|po_hazard_classes_b|UNKNOWN|1
FUSION|UNKNOWN_FK|PO_HEADERS_ALL|VENDOR_ID|poz_suppliers|UNKNOWN|1
FUSION|UNKNOWN_FK|PO_HEADERS_ALL|MERGE_REQUEST_ID|poz_supplier_merge_requests|UNKNOWN|1
FUSION|UNKNOWN_FK|PO_HEADERS_ALL|RATE_TYPE|gl_daily_conversion_types|UNKNOWN|1
FUSION|UNKNOWN_FK|PO_HEADERS_ALL|PO_HEADER_ID|po_headers_all|UNKNOWN|1
FUSION|UNKNOWN_FK|PO_HEADERS_ALL|PO_HEADER_ID|po_headers_all|UNKNOWN|1
FUSION|UNKNOWN_FK|PO_HEADERS_ALL|OBJECT_ID|po_headers_all|UNKNOWN|1
FUSION|UNKNOWN_FK|PO_HEADERS_ALL|PO_HEADER_ID|po_headers_all|UNKNOWN|1
FUSION|UNKNOWN_FK|PO_HEADERS_ALL|PO_HEADER_ID|po_headers_all|UNKNOWN|1
FUSION|UNKNOWN_FK|PO_HEADERS_ALL|PO_HEADER_ID|po_headers_all|UNKNOWN|1
FUSION|UNKNOWN_FK|PO_HEADERS_ALL|PO_HEADER_ID|po_headers_all|UNKNOWN|1
FUSION|UNKNOWN_FK|PO_HEADERS_ALL|PO_HEADER_ID|po_headers_all|UNKNOWN|1
FUSION|UNKNOWN_FK|PO_HEADERS_ALL|FROM_HEADER_ID|po_headers_all|UNKNOWN|1
FUSION|UNKNOWN_FK|PO_HEADERS_ALL|PO_HEADER_ID|po_headers_all|UNKNOWN|1
FUSION|UNKNOWN_FK|PO_HEADERS_ALL|FROM_HEADER_ID|po_headers_all|UNKNOWN|1
FUSION|UNKNOWN_FK|PO_HEADERS_ALL|PO_HEADER_ID|po_headers_all|UNKNOWN|1
FUSION|UNKNOWN_FK|PO_HEADERS_ALL|PO_HEADER_ID|po_headers_all|UNKNOWN|1
FUSION|UNKNOWN_FK|PO_HEADERS_ALL|AGREEMENT_HEADER_ID|po_headers_all|UNKNOWN|1
FUSION|UNKNOWN_FK|PO_HEADERS_ALL|PO_HEADER_ID|po_headers_all|UNKNOWN|1
FUSION|UNKNOWN_FK|PO_HEADERS_ALL|PO_HEADER_ID|po_headers_all|UNKNOWN|1
FUSION|UNKNOWN_FK|PO_HEADERS_ALL|PO_HEADER_ID|po_headers_all|UNKNOWN|1
FUSION|UNKNOWN_FK|PO_HEADERS_ALL|PO_HEADER_ID|po_headers_all|UNKNOWN|1
FUSION|UNKNOWN_FK|PO_HEADERS_ALL|PO_HEADER_ID|po_headers_all|UNKNOWN|1
FUSION|UNKNOWN_FK|PO_HEADERS_ALL|PO_HEADER_ID|po_headers_all|UNKNOWN|1
FUSION|UNKNOWN_FK|PO_HEADERS_ALL|PO_HEADER_ID|po_headers_all|UNKNOWN|1
FUSION|UNKNOWN_FK|PO_HEADERS_ALL|PO_HEADER_ID|po_headers_all|UNKNOWN|1
FUSION|UNKNOWN_FK|PO_HEADERS_ALL|FROM_HEADER_ID|po_headers_all|UNKNOWN|1
FUSION|UNKNOWN_FK|PO_HEADERS_ALL|PO_HEADER_ID|po_headers_all|UNKNOWN|1
FUSION|UNKNOWN_FK|PO_HEADERS_ALL|FROM_HEADER_ID|po_headers_all|UNKNOWN|1
FUSION|UNKNOWN_FK|PO_HEADERS_ALL|PO_HEADER_ID|po_headers_all|UNKNOWN|1
FUSION|UNKNOWN_FK|PO_HEADERS_ALL|FROM_HEADER_ID|po_headers_all|UNKNOWN|1
FUSION|UNKNOWN_FK|PO_HEADERS_ALL|AGREEMENT_ID|po_headers_all|UNKNOWN|1
FUSION|UNKNOWN_FK|PO_HEADERS_ARCHIVE_ALL|VENDOR_ID|poz_suppliers|UNKNOWN|1
FUSION|UNKNOWN_FK|PO_HEADERS_ARCHIVE_ALL|VENDOR_CONTACT_ID|poz_supplier_contacts|UNKNOWN|1
FUSION|UNKNOWN_FK|PO_HEADERS_ARCHIVE_ALL|TERMS_ID|ap_terms_b|UNKNOWN|1
FUSION|UNKNOWN_FK|PO_HEADERS_DRAFT_ALL|VENDOR_ID|poz_suppliers|UNKNOWN|1
FUSION|UNKNOWN_FK|PO_HEADERS_DRAFT_ALL|MERGE_REQUEST_ID|poz_supplier_merge_requests|UNKNOWN|1
FUSION|UNKNOWN_FK|PO_HEADERS_DRAFT_ALL|VENDOR_CONTACT_ID|poz_supplier_contacts|UNKNOWN|1
FUSION|UNKNOWN_FK|PO_HEADERS_DRAFT_ALL|PO_HEADER_ID|po_headers_draft_all|UNKNOWN|1
FUSION|UNKNOWN_FK|PO_HEADERS_DRAFT_ALL|PO_HEADER_ID|po_headers_draft_all|UNKNOWN|1
FUSION|UNKNOWN_FK|PO_HEADERS_DRAFT_ALL|PO_HEADER_ID|po_headers_draft_all|UNKNOWN|1
FUSION|UNKNOWN_FK|PO_HEADERS_DRAFT_ALL|PO_HEADER_ID|po_headers_draft_all|UNKNOWN|1
FUSION|UNKNOWN_FK|PO_HEADERS_INTERFACE|INTERFACE_HEADER_ID|po_headers_interface|UNKNOWN|1
FUSION|UNKNOWN_FK|POI_CLSF_BATCHES_B|BATCH_ID|poi_clsf_batches_b|UNKNOWN|1
FUSION|UNKNOWN_FK|POI_CLSF_BATCHES_TL|BATCH_ID|poi_clsf_batches_b|UNKNOWN|1
FUSION|UNKNOWN_FK|POI_SA_MODEL|MODEL_NAME|poi_sa_model|UNKNOWN|1
FUSION|UNKNOWN_FK|POI_SA_MODEL_OP|MODEL_NAME|poi_sa_model|UNKNOWN|1
FUSION|UNKNOWN_FK|PO_LINE_LOCATIONS_ALL|PO_HEADER_ID|po_headers_all|UNKNOWN|1
FUSION|UNKNOWN_FK|PO_LINE_LOCATIONS_ALL|FROM_HEADER_ID|po_headers_all|UNKNOWN|1
FUSION|UNKNOWN_FK|PO_LINE_LOCATIONS_ALL|FROM_LINE_ID|po_lines_all|UNKNOWN|1
FUSION|UNKNOWN_FK|PO_LINE_LOCATIONS_ALL|FROM_LINE_LOCATION_ID|po_line_locations_all|UNKNOWN|1
FUSION|UNKNOWN_FK|PO_LINE_LOCATIONS_ALL|SOURCE_SHIPMENT_ID|po_line_locations_all|UNKNOWN|1
FUSION|UNKNOWN_FK|PO_LINE_LOCATIONS_ALL|PO_LINE_ID|po_lines_all|UNKNOWN|1
FUSION|UNKNOWN_FK|PO_LINE_LOCATIONS_ALL|PO_LINE_LOCATION_ID|po_line_locations_all|UNKNOWN|1
FUSION|UNKNOWN_FK|PO_LINE_LOCATIONS_ALL|FROM_LINE_LOCATION_ID|po_line_locations_all|UNKNOWN|1
FUSION|UNKNOWN_FK|PO_LINE_LOCATIONS_ALL|SOURCE_SHIPMENT_ID|po_line_locations_all|UNKNOWN|1
FUSION|UNKNOWN_FK|PO_LINE_LOCATIONS_ALL|FROM_LINE_LOCATION_ID|po_line_locations_all|UNKNOWN|1
FUSION|UNKNOWN_FK|PO_LINE_LOCATIONS_ALL|PO_LINE_LOCATION_ID|po_line_locations_all|UNKNOWN|1
FUSION|UNKNOWN_FK|PO_LINE_LOCATIONS_ALL|PO_LINE_LOCATION_ID|po_line_locations_all|UNKNOWN|1
FUSION|UNKNOWN_FK|PO_LINE_LOCATIONS_ALL|PO_LINE_ID|po_line_locations_all|UNKNOWN|1
FUSION|UNKNOWN_FK|PO_LINE_LOCATIONS_ALL|PO_LINE_LOCATION_ID|po_line_locations_all|UNKNOWN|1
FUSION|UNKNOWN_FK|PO_LINE_LOCATIONS_ALL|LINE_LOCATION_ID|po_line_locations_all|UNKNOWN|1
FUSION|UNKNOWN_FK|PO_LINE_LOCATIONS_ALL|PO_LINE_LOCATION_ID|po_line_locations_all|UNKNOWN|1
FUSION|UNKNOWN_FK|PO_LINE_LOCATIONS_ALL|PO_LINE_LOCATION_ID|po_line_locations_all|UNKNOWN|1
FUSION|UNKNOWN_FK|PO_LINE_LOCATIONS_ALL|PO_LINE_LOCATION_ID|po_line_locations_all|UNKNOWN|1
FUSION|UNKNOWN_FK|PO_LINE_LOCATIONS_ALL|FROM_LINE_LOCATION_ID|po_line_locations_all|UNKNOWN|1
FUSION|UNKNOWN_FK|PO_LINE_LOCATIONS_ARCHIVE_ALL|PO_HEADER_ID|po_headers_all|UNKNOWN|1
FUSION|UNKNOWN_FK|PO_LINE_LOCATIONS_ARCHIVE_ALL|FROM_HEADER_ID|po_headers_all|UNKNOWN|1
FUSION|UNKNOWN_FK|PO_LINE_LOCATIONS_ARCHIVE_ALL|FROM_LINE_LOCATION_ID|po_line_locations_all|UNKNOWN|1
FUSION|UNKNOWN_FK|PO_LINE_LOCATIONS_INTERFACE|INTERFACE_LINE_LOCATION_ID|po_line_locations_interface|UNKNOWN|1
FUSION|UNKNOWN_FK|PO_LINES_ALL|PO_HEADER_ID|po_headers_all|UNKNOWN|1
FUSION|UNKNOWN_FK|PO_LINES_ALL|CATEGORY_ID|egp_categories_b|UNKNOWN|1
FUSION|UNKNOWN_FK|PO_LINES_ALL|LINE_TYPE_ID|po_line_types_b|UNKNOWN|1
FUSION|UNKNOWN_FK|PO_LINES_ALL|UN_NUMBER_ID|po_un_numbers_b|UNKNOWN|1
FUSION|UNKNOWN_FK|PO_LINES_ALL|HAZARD_CLASS_ID|po_hazard_classes_b|UNKNOWN|1
FUSION|UNKNOWN_FK|PO_LINES_ALL|FROM_HEADER_ID|po_headers_all|UNKNOWN|1
FUSION|UNKNOWN_FK|PO_LINES_ALL|FROM_LINE_ID|po_lines_all|UNKNOWN|1
FUSION|UNKNOWN_FK|PO_LINES_ALL|PO_LINE_ID|po_lines_all|UNKNOWN|1
FUSION|UNKNOWN_FK|PO_LINES_ALL|PO_LINE_ID|po_lines_all|UNKNOWN|1
FUSION|UNKNOWN_FK|PO_LINES_ALL|FROM_LINE_ID|po_lines_all|UNKNOWN|1
FUSION|UNKNOWN_FK|PO_LINES_ALL|PO_LINE_ID|po_lines_all|UNKNOWN|1
FUSION|UNKNOWN_FK|PO_LINES_ALL|PO_LINE_ID|po_lines_all|UNKNOWN|1
FUSION|UNKNOWN_FK|PO_LINES_ALL|PO_LINE_ID|po_lines_all|UNKNOWN|1
FUSION|UNKNOWN_FK|PO_LINES_ALL|PO_LINE_ID|po_lines_all|UNKNOWN|1
FUSION|UNKNOWN_FK|PO_LINES_ALL|PO_LINE_ID|po_lines_all|UNKNOWN|1
FUSION|UNKNOWN_FK|PO_LINES_ALL|PO_LINE_ID|po_lines_all|UNKNOWN|1
FUSION|UNKNOWN_FK|PO_LINES_ALL|PO_LINE_ID|po_lines_all|UNKNOWN|1
FUSION|UNKNOWN_FK|PO_LINES_ALL|FROM_LINE_ID|po_lines_all|UNKNOWN|1
FUSION|UNKNOWN_FK|PO_LINES_ALL|FROM_LINE_ID|po_lines_all|UNKNOWN|1
FUSION|UNKNOWN_FK|PO_LINES_ARCHIVE_ALL|PO_HEADER_ID|po_headers_all|UNKNOWN|1
FUSION|UNKNOWN_FK|PO_LINES_ARCHIVE_ALL|FROM_HEADER_ID|po_headers_all|UNKNOWN|1
FUSION|UNKNOWN_FK|PO_LINES_ARCHIVE_ALL|LINE_TYPE_ID|po_line_types_b|UNKNOWN|1
FUSION|UNKNOWN_FK|PO_LINES_ARCHIVE_ALL|UN_NUMBER_ID|po_un_numbers_b|UNKNOWN|1
FUSION|UNKNOWN_FK|PO_LINES_ARCHIVE_ALL|HAZARD_CLASS_ID|po_hazard_classes_b|UNKNOWN|1
FUSION|UNKNOWN_FK|PO_LINES_DRAFT_ALL|CATEGORY_ID|egp_categories_b|UNKNOWN|1
FUSION|UNKNOWN_FK|PO_LINES_DRAFT_ALL|LINE_TYPE_ID|po_line_types_b|UNKNOWN|1
FUSION|UNKNOWN_FK|PO_LINES_DRAFT_ALL|UN_NUMBER_ID|po_un_numbers_b|UNKNOWN|1
FUSION|UNKNOWN_FK|PO_LINES_DRAFT_ALL|HAZARD_CLASS_ID|po_hazard_classes_b|UNKNOWN|1
FUSION|UNKNOWN_FK|PO_LINES_DRAFT_ALL|FROM_HEADER_ID|po_headers_all|UNKNOWN|1
FUSION|UNKNOWN_FK|PO_LINES_DRAFT_ALL|FROM_LINE_ID|po_lines_all|UNKNOWN|1
FUSION|UNKNOWN_FK|PO_LINES_DRAFT_ALL|PO_LINE_ID|po_lines_draft_all|UNKNOWN|1
FUSION|UNKNOWN_FK|PO_LINES_DRAFT_ALL|PO_LINE_ID|po_lines_draft_all|UNKNOWN|1
FUSION|UNKNOWN_FK|PO_LINES_DRAFT_ALL|PO_LINE_ID|po_lines_draft_all|UNKNOWN|1
FUSION|UNKNOWN_FK|PO_LINES_INTERFACE|INTERFACE_LINE_ID|po_lines_interface|UNKNOWN|1
FUSION|UNKNOWN_FK|PO_LINE_TYPES_B|CATEGORY_ID|egp_categories_b|UNKNOWN|1
FUSION|UNKNOWN_FK|PO_LINE_TYPES_B|LINE_TYPE_ID|po_line_types_b|UNKNOWN|1
FUSION|UNKNOWN_FK|PO_LINE_TYPES_B|LINE_TYPE_ID|po_line_types_b|UNKNOWN|1
FUSION|UNKNOWN_FK|PO_LINE_TYPES_B|LINE_TYPE_ID|po_line_types_b|UNKNOWN|1
FUSION|UNKNOWN_FK|PO_LINE_TYPES_B|LINE_TYPE_ID|po_line_types_b|UNKNOWN|1
FUSION|UNKNOWN_FK|PO_LINE_TYPES_B|LINE_TYPE_ID|po_line_types_b|UNKNOWN|1
FUSION|UNKNOWN_FK|PO_LINE_TYPES_B|LINE_TYPE_ID|po_line_types_b|UNKNOWN|1
FUSION|UNKNOWN_FK|PO_LINE_TYPES_B|LINE_TYPE_ID|po_line_types_b|UNKNOWN|1
FUSION|UNKNOWN_FK|PO_LINE_TYPES_B|LINE_TYPE_ID|po_line_types_b|UNKNOWN|1
FUSION|UNKNOWN_FK|PO_LINE_TYPES_TL|LINE_TYPE_ID|po_line_types_b|UNKNOWN|1
FUSION|UNKNOWN_FK|PO_MASS_ACTION_RECORDS||po_mass_action_requests|UNKNOWN|1
FUSION|UNKNOWN_FK|PO_MASS_ACTION_REQUESTS||po_mass_action_requests|UNKNOWN|1
FUSION|UNKNOWN_FK|PON_ACCEPTANCES|AUCTION_HEADER_ID|pon_auction_headers_all|UNKNOWN|1
FUSION|UNKNOWN_FK|PON_ACCEPTANCES|BID_NUMBER, LINE_NUMBER|pon_bid_item_prices|UNKNOWN|1
FUSION|UNKNOWN_FK|PON_ACKNOWLEDGEMENTS|AUCTION_HEADER_ID|pon_auction_headers_all|UNKNOWN|1
FUSION|UNKNOWN_FK|PON_ACKNOWLEDGEMENTS|TRADING_PARTNER_ID|hz_parties|UNKNOWN|1
FUSION|UNKNOWN_FK|PON_ACKNOWLEDGEMENTS|TRADING_PARTNER_CONTACT_ID|hz_parties|UNKNOWN|1
FUSION|UNKNOWN_FK|PON_ACKNOWLEDGEMENTS|SURROG_BID_ACK_PERSON_ID|per_persons|UNKNOWN|1
FUSION|UNKNOWN_FK|PON_ACTION_HISTORY|REQUESTED_FOR_TPC_ID|hz_parties|UNKNOWN|1
FUSION|UNKNOWN_FK|PON_ACTION_HISTORY|TRADING_PARTNER_CONTACT_ID|hz_parties|UNKNOWN|1
FUSION|UNKNOWN_FK|PON_ACTION_HISTORY|PERSON_ID|per_persons|UNKNOWN|1
FUSION|UNKNOWN_FK|PON_ATTACHMENT_SUMMARY|AUCTION_HEADER_ID|pon_auction_headers_all|UNKNOWN|1
FUSION|UNKNOWN_FK|PON_ATTRIBUTE_SCORES|AUCTION_HEADER_ID, LINE_NUMBER, ATTRIBUTE_SEQUENCE_NUMBER, ATTRIBUTE_LIST_ID|pon_auction_attributes|UNKNOWN|1
FUSION|UNKNOWN_FK|PON_AUC_DOCTYPES_B|DOCTYPE_ID|pon_auc_doctypes_b|UNKNOWN|1
FUSION|UNKNOWN_FK|PON_AUC_DOCTYPES_B|DOCTYPE_ID|pon_auc_doctypes_b|UNKNOWN|1
FUSION|UNKNOWN_FK|PON_AUC_DOCTYPES_B|DOCTYPE_ID|pon_auc_doctypes_b|UNKNOWN|1
FUSION|UNKNOWN_FK|PON_AUC_DOCTYPES_TL|DOCTYPE_ID|pon_auc_doctypes_b|UNKNOWN|1
FUSION|UNKNOWN_FK|PON_AUCTION_ATTRIBUTES|SECTION_ID|pon_auction_sections|UNKNOWN|1
FUSION|UNKNOWN_FK|PON_AUCTION_ATTRIBUTES|AUCTION_HEADER_ID, LINE_NUMBER, ATTRIBUTE_SEQUENCE_NUMBER, ATTRIBUTE_LIST_ID|pon_auction_attributes|UNKNOWN|1
FUSION|UNKNOWN_FK|PON_AUCTION_CURRENCY_RATES|AUCTION_HEADER_ID|pon_auction_headers_all|UNKNOWN|1
FUSION|UNKNOWN_FK|PON_AUCTION_HEADERS_ALL|PERSON_ID|per_persons|UNKNOWN|1
FUSION|UNKNOWN_FK|PON_AUCTION_HEADERS_ALL|DOCTYPE_ID|pon_auc_doctypes_b|UNKNOWN|1
FUSION|UNKNOWN_FK|PON_AUCTION_HEADERS_ALL|DRAFT_LOCKED_BY_PERSON_ID|per_persons|UNKNOWN|1
FUSION|UNKNOWN_FK|PON_AUCTION_HEADERS_ALL|DRAFT_UNLOCKED_BY_PERSON_ID|per_persons|UNKNOWN|1
FUSION|UNKNOWN_FK|PON_AUCTION_HEADERS_ALL|TEMPLATE_ID|pon_auction_headers_all|UNKNOWN|1
FUSION|UNKNOWN_FK|PON_AUCTION_HEADERS_ALL|AUCTION_HEADER_ID_ORIG_AMEND|pon_auction_headers_all|UNKNOWN|1
FUSION|UNKNOWN_FK|PON_AUCTION_HEADERS_ALL|AUCTION_HEADER_ID_PREV_AMEND|pon_auction_headers_all|UNKNOWN|1
FUSION|UNKNOWN_FK|PON_AUCTION_HEADERS_ALL|SCORING_LOCK_PERSON_ID|per_persons|UNKNOWN|1
FUSION|UNKNOWN_FK|PON_AUCTION_HEADERS_ALL|STYLE_ID|pon_negotiation_styles_b|UNKNOWN|1
FUSION|UNKNOWN_FK|PON_AUCTION_HEADERS_ALL|PO_STYLE_ID|po_doc_style_headers|UNKNOWN|1
FUSION|UNKNOWN_FK|PON_AUCTION_HEADERS_ALL|CONTRACT_TEMPLATE_ID|okc_terms_templates_all|UNKNOWN|1
FUSION|UNKNOWN_FK|PON_AUCTION_HEADERS_ALL|TECHNICAL_UNLOCK_PERSON_ID|per_persons|UNKNOWN|1
FUSION|UNKNOWN_FK|PON_AUCTION_HEADERS_ALL|TECHNICAL_UNSEAL_PERSON_ID|per_persons|UNKNOWN|1
FUSION|UNKNOWN_FK|PON_AUCTION_HEADERS_ALL|RATE_TYPE|gl_daily_conversion_types|UNKNOWN|1
FUSION|UNKNOWN_FK|PON_AUCTION_HEADERS_ALL|SEALED_UNLOCK_PERSON_ID|per_persons|UNKNOWN|1
FUSION|UNKNOWN_FK|PON_AUCTION_HEADERS_ALL|SEALED_UNSEAL_PERSON_ID|per_persons|UNKNOWN|1
FUSION|UNKNOWN_FK|PON_AUCTION_HEADERS_ALL|AUCTION_HEADER_ID_ORIG_ROUND|pon_auction_headers_all|UNKNOWN|1
FUSION|UNKNOWN_FK|PON_AUCTION_HEADERS_ALL|AUCTION_HEADER_ID_PREV_ROUND|pon_auction_headers_all|UNKNOWN|1
FUSION|UNKNOWN_FK|PON_AUCTION_HEADERS_ALL|AUCTION_HEADER_ID|pon_auction_headers_all|UNKNOWN|1
FUSION|UNKNOWN_FK|PON_AUCTION_HEADERS_ALL|AUCTION_HEADER_ID|pon_auction_headers_all|UNKNOWN|1
FUSION|UNKNOWN_FK|PON_AUCTION_HEADERS_ALL|AUCTION_HEADER_ID|pon_auction_headers_all|UNKNOWN|1
FUSION|UNKNOWN_FK|PON_AUCTION_HEADERS_ALL|AUCTION_HEADER_ID|pon_auction_headers_all|UNKNOWN|1
FUSION|UNKNOWN_FK|PON_AUCTION_HEADERS_ALL|AUCTION_HEADER_ID|pon_auction_headers_all|UNKNOWN|1
FUSION|UNKNOWN_FK|PON_AUCTION_HEADERS_ALL|AUCTION_HEADER_ID|pon_auction_headers_all|UNKNOWN|1
FUSION|UNKNOWN_FK|PON_AUCTION_HEADERS_ALL|AUCTION_HEADER_ID|pon_auction_headers_all|UNKNOWN|1
FUSION|UNKNOWN_FK|PON_AUCTION_HEADERS_ALL|AUCTION_HEADER_ID|pon_auction_headers_all|UNKNOWN|1
FUSION|UNKNOWN_FK|PON_AUCTION_HEADERS_ALL|AUCTION_HEADER_ID|pon_auction_headers_all|UNKNOWN|1
FUSION|UNKNOWN_FK|PON_AUCTION_HEADERS_ALL|AUCTION_HEADER_ID|pon_auction_headers_all|UNKNOWN|1
FUSION|UNKNOWN_FK|PON_AUCTION_HEADERS_ALL|AUCTION_HEADER_ID|pon_auction_headers_all|UNKNOWN|1
FUSION|UNKNOWN_FK|PON_AUCTION_HEADERS_ALL|AUCTION_HEADER_ID|pon_auction_headers_all|UNKNOWN|1
FUSION|UNKNOWN_FK|PON_AUCTION_HEADERS_ALL|AUCTION_HEADER_ID|pon_auction_headers_all|UNKNOWN|1
FUSION|UNKNOWN_FK|PON_AUCTION_HEADERS_ALL|AUCTION_HEADER_ID|pon_auction_headers_all|UNKNOWN|1
FUSION|UNKNOWN_FK|PON_AUCTION_HEADERS_ALL|TEMPLATE_ID|pon_auction_headers_all|UNKNOWN|1
FUSION|UNKNOWN_FK|PON_AUCTION_HEADERS_ALL|AUCTION_HEADER_ID_ORIG_AMEND|pon_auction_headers_all|UNKNOWN|1
FUSION|UNKNOWN_FK|PON_AUCTION_HEADERS_ALL|AUCTION_HEADER_ID_PREV_AMEND|pon_auction_headers_all|UNKNOWN|1
FUSION|UNKNOWN_FK|PON_AUCTION_HEADERS_ALL|AUCTION_HEADER_ID_ORIG_ROUND|pon_auction_headers_all|UNKNOWN|1
FUSION|UNKNOWN_FK|PON_AUCTION_HEADERS_ALL|AUCTION_HEADER_ID_PREV_ROUND|pon_auction_headers_all|UNKNOWN|1
FUSION|UNKNOWN_FK|PON_AUCTION_HEADERS_ALL|AUCTION_HEADER_ID|pon_auction_headers_all|UNKNOWN|1
FUSION|UNKNOWN_FK|PON_AUCTION_HEADERS_ALL|AUCTION_HEADER_ID|pon_auction_headers_all|UNKNOWN|1
FUSION|UNKNOWN_FK|PON_AUCTION_HEADERS_ALL|AUCTION_HEADER_ID|pon_auction_headers_all|UNKNOWN|1
FUSION|UNKNOWN_FK|PON_AUCTION_HEADERS_ALL|AUCTION_HEADER_ID|pon_auction_headers_all|UNKNOWN|1
FUSION|UNKNOWN_FK|PON_AUCTION_HEADERS_ALL|AUCTION_HEADER_ID|pon_auction_headers_all|UNKNOWN|1
FUSION|UNKNOWN_FK|PON_AUCTION_HEADERS_ALL|AUCTION_HEADER_ID|pon_auction_headers_all|UNKNOWN|1
FUSION|UNKNOWN_FK|PON_AUCTION_HEADERS_ALL|AUCTION_HEADER_ID|pon_auction_headers_all|UNKNOWN|1
FUSION|UNKNOWN_FK|PON_AUCTION_HEADERS_ALL|AUCTION_HEADER_ID|pon_auction_headers_all|UNKNOWN|1
FUSION|UNKNOWN_FK|PON_AUCTION_HEADERS_ALL|AUCTION_HEADER_ID|pon_auction_headers_all|UNKNOWN|1
FUSION|UNKNOWN_FK|PON_AUCTION_HEADERS_ALL|AUCTION_HEADER_ID|pon_auction_headers_all|UNKNOWN|1
FUSION|UNKNOWN_FK|PON_AUCTION_HEADERS_ALL|AUCTION_HEADER_ID|pon_auction_headers_all|UNKNOWN|1
FUSION|UNKNOWN_FK|PON_AUCTION_HEADERS_ALL|AUCTION_HEADER_ID|pon_auction_headers_all|UNKNOWN|1
FUSION|UNKNOWN_FK|PON_AUCTION_HEADERS_ALL|AUCTION_HEADER_ID|pon_auction_headers_all|UNKNOWN|1
FUSION|UNKNOWN_FK|PON_AUCTION_HEADERS_ALL|AUCTION_HEADER_ID|pon_auction_headers_all|UNKNOWN|1
FUSION|UNKNOWN_FK|PON_AUCTION_HEADERS_ALL|AUCTION_HEADER_ID|pon_auction_headers_all|UNKNOWN|1
FUSION|UNKNOWN_FK|PON_AUCTION_HEADERS_ALL|AUCTION_HEADER_ID|pon_auction_headers_all|UNKNOWN|1
FUSION|UNKNOWN_FK|PON_AUCTION_HEADERS_ALL|AUCTION_HEADER_ID|pon_auction_headers_all|UNKNOWN|1
FUSION|UNKNOWN_FK|PON_AUCTION_HEADERS_ALL|AUCTION_HEADER_ID|pon_auction_headers_all|UNKNOWN|1
FUSION|UNKNOWN_FK|PON_AUCTION_HEADERS_ALL|AUCTION_HEADER_ID|pon_auction_headers_all|UNKNOWN|1
FUSION|UNKNOWN_FK|PON_AUCTION_HEADERS_ALL|AUCTION_HEADER_ID|pon_auction_headers_all|UNKNOWN|1
FUSION|UNKNOWN_FK|PON_AUCTION_HEADERS_ALL|AUCTION_HEADER_ID_ORIG_AMEND|pon_auction_headers_all|UNKNOWN|1
FUSION|UNKNOWN_FK|PON_AUCTION_HEADERS_ALL|AUCTION_HEADER_ID|pon_auction_headers_all|UNKNOWN|1
FUSION|UNKNOWN_FK|PON_AUCTION_HEADERS_ALL|AUCTION_HEADER_ID|pon_auction_headers_all|UNKNOWN|1
FUSION|UNKNOWN_FK|PON_AUCTION_HEADERS_ALL|AUCTION_HEADER_ID|pon_auction_headers_all|UNKNOWN|1
FUSION|UNKNOWN_FK|PON_AUCTION_HEADERS_ALL|AUCTION_HEADER_ID_ORIG_AMEND|pon_auction_headers_all|UNKNOWN|1
FUSION|UNKNOWN_FK|PON_AUCTION_HEADERS_ALL|AUCTION_HEADER_ID|pon_auction_headers_all|UNKNOWN|1
FUSION|UNKNOWN_FK|PON_AUCTION_ITEM_PRICES_ALL|AUCTION_HEADER_ID|pon_auction_headers_all|UNKNOWN|1
FUSION|UNKNOWN_FK|PON_AUCTION_ITEM_PRICES_ALL|CATEGORY_ID|egp_categories_b|UNKNOWN|1
FUSION|UNKNOWN_FK|PON_AUCTION_ITEM_PRICES_ALL|BEST_BID_NUMBER|pon_bid_headers|UNKNOWN|1
FUSION|UNKNOWN_FK|PON_AUCTION_ITEM_PRICES_ALL|BEST_BID_BID_NUMBER|pon_bid_headers|UNKNOWN|1
FUSION|UNKNOWN_FK|PON_AUCTION_ITEM_PRICES_ALL|LINE_TYPE_ID|po_line_types_b|UNKNOWN|1
FUSION|UNKNOWN_FK|PON_AUCTION_ITEM_PRICES_ALL|AUCTION_HEADER_ID, PARENT_LINE_NUMBER|pon_auction_item_prices_all|UNKNOWN|1
FUSION|UNKNOWN_FK|PON_AUCTION_ITEM_PRICES_ALL|AUCTION_HEADER_ID, AUCTION_LINE_NUMBER|pon_auction_item_prices_all|UNKNOWN|1
FUSION|UNKNOWN_FK|PON_AUCTION_ITEM_PRICES_ALL|AUCTION_HEADER_ID, LINE_NUMBER|pon_auction_item_prices_all|UNKNOWN|1
FUSION|UNKNOWN_FK|PON_AUCTION_ITEM_PRICES_ALL|AUCTION_HEADER_ID, AUCTION_LINE_NUMBER|pon_auction_item_prices_all|UNKNOWN|1
FUSION|UNKNOWN_FK|PON_AUCTION_ITEM_PRICES_ALL|AUCTION_HEADER_ID, LINE_NUMBER|pon_auction_item_prices_all|UNKNOWN|1
FUSION|UNKNOWN_FK|PON_AUCTION_ITEM_PRICES_ALL|AUCTION_HEADER_ID, LINE_NUMBER|pon_auction_item_prices_all|UNKNOWN|1
FUSION|UNKNOWN_FK|PON_AUCTION_ITEM_PRICES_ALL|AUCTION_HEADER_ID, LINE_NUMBER|pon_auction_item_prices_all|UNKNOWN|1
FUSION|UNKNOWN_FK|PON_AUCTION_ITEM_PRICES_ALL|AUCTION_HEADER_ID, LINE_NUMBER|pon_auction_item_prices_all|UNKNOWN|1
FUSION|UNKNOWN_FK|PON_AUCTION_ITEM_PRICES_ALL|AUCTION_HEADER_ID, AUCTION_LINE_NUMBER|pon_auction_item_prices_all|UNKNOWN|1
FUSION|UNKNOWN_FK|PON_AUCTION_ITEM_PRICES_ALL|AUCTION_HEADER_ID, PARENT_LINE_NUMBER|pon_auction_item_prices_all|UNKNOWN|1
FUSION|UNKNOWN_FK|PON_AUCTION_ITEM_PRICES_ALL|AUCTION_HEADER_ID, LINE_NUMBER|pon_auction_item_prices_all|UNKNOWN|1
FUSION|UNKNOWN_FK|PON_AUCTION_SECTIONS|SECTION_ID|pon_auction_sections|UNKNOWN|1
FUSION|UNKNOWN_FK|PON_AUCTION_SHIPMENTS_ALL|AUCTION_HEADER_ID, LINE_NUMBER|pon_auction_item_prices_all|UNKNOWN|1
FUSION|UNKNOWN_FK|PON_AUCTION_SUMMARY|TRADING_PARTNER_ID|hz_parties|UNKNOWN|1
FUSION|UNKNOWN_FK|PON_AUCTION_SUMMARY|TRADING_PARTNER_CONTACT_ID|hz_parties|UNKNOWN|1
FUSION|UNKNOWN_FK|PON_AUCTION_SUMMARY|BID_NUMBER|pon_bid_headers|UNKNOWN|1
FUSION|UNKNOWN_FK|PON_AUCTION_SUMMARY|VENDOR_ID|poz_suppliers|UNKNOWN|1
FUSION|UNKNOWN_FK|PON_AWARD_ALLOCATIONS|AUCTION_HEADER_ID|pon_auction_headers_all|UNKNOWN|1
FUSION|UNKNOWN_FK|PON_AWARD_ALLOCATIONS|BID_NUMBER, BID_LINE_NUMBER|pon_bid_item_prices|UNKNOWN|1
FUSION|UNKNOWN_FK|PON_AWARD_ALLOCATIONS|ORIG_REQ_LINE_ID|por_requisition_lines_all|UNKNOWN|1
FUSION|UNKNOWN_FK|PON_AWARD_ALLOCATIONS|ORIG_REQ_HEADER_ID|por_requisition_headers_all|UNKNOWN|1
FUSION|UNKNOWN_FK|PON_AWARD_ALLOCATIONS|SPLIT_REQ_LINE_ID|por_requisition_lines_all|UNKNOWN|1
FUSION|UNKNOWN_FK|PON_AWARD_ALLOCATIONS_HISTORY|AUCTION_HEADER_ID|pon_auction_headers_all|UNKNOWN|1
FUSION|UNKNOWN_FK|PON_AWARD_ALLOCATIONS_HISTORY|BID_NUMBER, BID_LINE_NUMBER|pon_bid_item_prices|UNKNOWN|1
FUSION|UNKNOWN_FK|PON_AWARD_ALLOCATIONS_HISTORY|ORIG_REQ_LINE_ID|por_requisition_lines_all|UNKNOWN|1
FUSION|UNKNOWN_FK|PON_AWARD_ALLOCATIONS_HISTORY|ORIG_REQ_HEADER_ID|por_requisition_headers_all|UNKNOWN|1
FUSION|UNKNOWN_FK|PON_AWARD_ALLOCATIONS_HISTORY|SPLIT_REQ_LINE_ID|por_requisition_lines_all|UNKNOWN|1
FUSION|UNKNOWN_FK|PON_BACKING_REQ_HISTORY|AUCTION_HEADER_ID, LINE_NUMBER|pon_auction_item_prices_all|UNKNOWN|1
FUSION|UNKNOWN_FK|PON_BACKING_REQ_HISTORY|REQUISITION_HEADER_ID|por_requisition_headers_all|UNKNOWN|1
FUSION|UNKNOWN_FK|PON_BACKING_REQ_HISTORY|REQUISITION_LINE_ID|por_requisition_lines_all|UNKNOWN|1
FUSION|UNKNOWN_FK|PON_BACKING_REQUISITIONS|AUCTION_HEADER_ID, LINE_NUMBER|pon_auction_item_prices_all|UNKNOWN|1
FUSION|UNKNOWN_FK|PON_BACKING_REQUISITIONS|REQUISITION_HEADER_ID|por_requisition_headers_all|UNKNOWN|1
FUSION|UNKNOWN_FK|PON_BACKING_REQUISITIONS|REQUISITION_LINE_ID|por_requisition_lines_all|UNKNOWN|1
FUSION|UNKNOWN_FK|PON_BID_ATTRIBUTE_VALUES|AUCTION_HEADER_ID|pon_auction_headers_all|UNKNOWN|1
FUSION|UNKNOWN_FK|PON_BIDDING_PARTIES|SURROG_BID_ACK_PERSON_ID|per_persons|UNKNOWN|1
FUSION|UNKNOWN_FK|PON_BIDDING_PARTIES|TRADING_PARTNER_ID|hz_parties|UNKNOWN|1
FUSION|UNKNOWN_FK|PON_BIDDING_PARTIES|TRADING_PARTNER_CONTACT_ID|hz_parties|UNKNOWN|1
FUSION|UNKNOWN_FK|PON_BIDDING_PARTIES|AUCTION_HEADER_ID|pon_bidding_parties|UNKNOWN|1
FUSION|UNKNOWN_FK|PON_BIDDING_PARTIES|LIST_ID|pon_bidding_parties|UNKNOWN|1
FUSION|UNKNOWN_FK|PON_BIDDING_PARTIES|SEQUENCE|pon_bidding_parties|UNKNOWN|1
FUSION|UNKNOWN_FK|PON_BIDDING_PARTIES|TRADING_PARTNER_ID|pon_bidding_parties|UNKNOWN|1
FUSION|UNKNOWN_FK|PON_BIDDING_PARTIES|VENDOR_SITE_ID|pon_bidding_parties|UNKNOWN|1
FUSION|UNKNOWN_FK|PON_BIDDING_PARTY_CONTACTS|AUCTION_HEADER_ID|pon_bidding_parties|UNKNOWN|1
FUSION|UNKNOWN_FK|PON_BIDDING_PARTY_CONTACTS|LIST_ID|pon_bidding_parties|UNKNOWN|1
FUSION|UNKNOWN_FK|PON_BIDDING_PARTY_CONTACTS|SEQUENCE|pon_bidding_parties|UNKNOWN|1
FUSION|UNKNOWN_FK|PON_BIDDING_PARTY_CONTACTS|TRADING_PARTNER_ID|pon_bidding_parties|UNKNOWN|1
FUSION|UNKNOWN_FK|PON_BIDDING_PARTY_CONTACTS|VENDOR_SITE_ID|pon_bidding_parties|UNKNOWN|1
FUSION|UNKNOWN_FK|PON_BIDDING_TERMS_B|PRC_BU_ID, VERSION_NUM, APPLICATION_ID|pon_bidding_terms_b|UNKNOWN|1
FUSION|UNKNOWN_FK|PON_BIDDING_TERMS_TL|PRC_BU_ID, VERSION_NUM, APPLICATION_ID|pon_bidding_terms_b|UNKNOWN|1
FUSION|UNKNOWN_FK|PON_BID_HEADERS|AUCTION_HEADER_ID|pon_auction_headers_all|UNKNOWN|1
FUSION|UNKNOWN_FK|PON_BID_HEADERS|SURROG_BID_CREATED_PERSON_ID|per_persons|UNKNOWN|1
FUSION|UNKNOWN_FK|PON_BID_HEADERS|SHORTLIST_BUYER_ID|per_persons|UNKNOWN|1
FUSION|UNKNOWN_FK|PON_BID_HEADERS|OLD_BID_NUMBER|pon_bid_headers|UNKNOWN|1
FUSION|UNKNOWN_FK|PON_BID_HEADERS|SURROG_DRAFT_LOCK_PERSON_ID|per_persons|UNKNOWN|1
FUSION|UNKNOWN_FK|PON_BID_HEADERS|SURROG_DRAFT_UNLOCK_PERSON_ID|per_persons|UNKNOWN|1
FUSION|UNKNOWN_FK|PON_BID_HEADERS|TRADING_PARTNER_ID|hz_parties|UNKNOWN|1
FUSION|UNKNOWN_FK|PON_BID_HEADERS|TRADING_PARTNER_CONTACT_ID|hz_parties|UNKNOWN|1
FUSION|UNKNOWN_FK|PON_BID_HEADERS|VENDOR_ID|poz_suppliers|UNKNOWN|1
FUSION|UNKNOWN_FK|PON_BID_HEADERS|SCORE_OVERRIDE_PERSON_ID|per_persons|UNKNOWN|1
FUSION|UNKNOWN_FK|PON_BID_HEADERS|DRAFT_LOCKED_BY|hz_parties|UNKNOWN|1
FUSION|UNKNOWN_FK|PON_BID_HEADERS|DRAFT_LOCKED_BY_CONTACT_ID|hz_parties|UNKNOWN|1
FUSION|UNKNOWN_FK|PON_BID_HEADERS|DRAFT_UNLOCKED_BY|hz_parties|UNKNOWN|1
FUSION|UNKNOWN_FK|PON_BID_HEADERS|DRAFT_UNLOCKED_BY_CONTACT_ID|hz_parties|UNKNOWN|1
FUSION|UNKNOWN_FK|PON_BID_HEADERS|BID_NUMBER|pon_bid_headers|UNKNOWN|1
FUSION|UNKNOWN_FK|PON_BID_HEADERS|TRIGGER_BID_NUMBER|pon_bid_headers|UNKNOWN|1
FUSION|UNKNOWN_FK|PON_BID_HEADERS|BID_NUMBER|pon_bid_headers|UNKNOWN|1
FUSION|UNKNOWN_FK|PON_BID_HEADERS|BID_NUMBER|pon_bid_headers|UNKNOWN|1
FUSION|UNKNOWN_FK|PON_BID_HEADERS|BID_NUMBER|pon_bid_headers|UNKNOWN|1
FUSION|UNKNOWN_FK|PON_BID_HEADERS|BID_NUMBER|pon_bid_headers|UNKNOWN|1
FUSION|UNKNOWN_FK|PON_BID_HEADERS|BID_NUMBER|pon_bid_headers|UNKNOWN|1
FUSION|UNKNOWN_FK|PON_BID_HEADERS|BID_NUMBER|pon_bid_headers|UNKNOWN|1
FUSION|UNKNOWN_FK|PON_BID_HEADERS|BID_NUMBER|pon_bid_headers|UNKNOWN|1
FUSION|UNKNOWN_FK|PON_BID_HEADERS|BID_NUMBER|pon_bid_headers|UNKNOWN|1
FUSION|UNKNOWN_FK|PON_BID_HEADERS|BID_NUMBER|pon_bid_headers|UNKNOWN|1
FUSION|UNKNOWN_FK|PON_BID_HEADERS|BID_NUMBER|pon_bid_headers|UNKNOWN|1
FUSION|UNKNOWN_FK|PON_BID_HEADERS|BID_NUMBER|pon_bid_headers|UNKNOWN|1
FUSION|UNKNOWN_FK|PON_BID_HEADERS|OLD_BID_NUMBER|pon_bid_headers|UNKNOWN|1
FUSION|UNKNOWN_FK|PON_BID_HEADERS|BEST_BID_NUMBER|pon_bid_headers|UNKNOWN|1
FUSION|UNKNOWN_FK|PON_BID_HEADERS|BEST_BID_BID_NUMBER|pon_bid_headers|UNKNOWN|1
FUSION|UNKNOWN_FK|PON_BID_HEADERS|BID_NUMBER|pon_bid_headers|UNKNOWN|1
FUSION|UNKNOWN_FK|PON_BID_ITEM_PRICES|BID_NUMBER|pon_bid_headers|UNKNOWN|1
FUSION|UNKNOWN_FK|PON_BID_ITEM_PRICES|AUCTION_HEADER_ID, AUCTION_LINE_NUMBER|pon_auction_item_prices_all|UNKNOWN|1
FUSION|UNKNOWN_FK|PON_BID_ITEM_PRICES|TRIGGER_BID_NUMBER|pon_bid_headers|UNKNOWN|1
FUSION|UNKNOWN_FK|PON_BID_ITEM_PRICES|BID_NUMBER, BID_LINE_NUMBER|pon_bid_item_prices|UNKNOWN|1
FUSION|UNKNOWN_FK|PON_BID_ITEM_PRICES|BID_NUMBER, LINE_NUMBER|pon_bid_item_prices|UNKNOWN|1
FUSION|UNKNOWN_FK|PON_BID_ITEM_PRICES|BID_NUMBER, LINE_NUMBER|pon_bid_item_prices|UNKNOWN|1
FUSION|UNKNOWN_FK|PON_BID_ITEM_PRICES|BID_NUMBER, LINE_NUMBER|pon_bid_item_prices|UNKNOWN|1
FUSION|UNKNOWN_FK|PON_BID_ITEM_PRICES|BID_NUMBER, BID_LINE_NUMBER|pon_bid_item_prices|UNKNOWN|1
FUSION|UNKNOWN_FK|PON_BID_ITEM_PRICES|BID_NUMBER, LINE_NUMBER|pon_bid_item_prices|UNKNOWN|1
FUSION|UNKNOWN_FK|PON_BID_PO_LINES|AUCTION_HEADER_ID|pon_auction_headers_all|UNKNOWN|1
FUSION|UNKNOWN_FK|PON_BID_PO_LINES|BID_NUMBER|pon_bid_headers|UNKNOWN|1
FUSION|UNKNOWN_FK|PON_BID_PO_LINES|BID_NUMBER, LINE_NUMBER|pon_bid_item_prices|UNKNOWN|1
FUSION|UNKNOWN_FK|PON_BID_PO_LINES|BID_NUMBER, SEQUENCE_NUMBER|pon_bid_po_numbers|UNKNOWN|1
FUSION|UNKNOWN_FK|PON_BID_PO_LINES|AUCTION_HEADER_ID, AUCTION_LINE_NUMBER|pon_auction_item_prices_all|UNKNOWN|1
FUSION|UNKNOWN_FK|PON_BID_PO_LINES_HISTORY|AUCTION_HEADER_ID|pon_auction_headers_all|UNKNOWN|1
FUSION|UNKNOWN_FK|PON_BID_PO_LINES_HISTORY|BID_NUMBER|pon_bid_headers|UNKNOWN|1
FUSION|UNKNOWN_FK|PON_BID_PO_LINES_HISTORY|BID_NUMBER, LINE_NUMBER|pon_bid_item_prices|UNKNOWN|1
FUSION|UNKNOWN_FK|PON_BID_PO_LINES_HISTORY|BID_NUMBER, SEQUENCE_NUMBER|pon_bid_po_numbers|UNKNOWN|1
FUSION|UNKNOWN_FK|PON_BID_PO_LINES_HISTORY|AUCTION_HEADER_ID, AUCTION_LINE_NUMBER|pon_auction_item_prices_all|UNKNOWN|1
FUSION|UNKNOWN_FK|PON_BID_PO_NUMBERS|AUCTION_HEADER_ID|pon_auction_headers_all|UNKNOWN|1
FUSION|UNKNOWN_FK|PON_BID_PO_NUMBERS|BID_NUMBER|pon_bid_headers|UNKNOWN|1
FUSION|UNKNOWN_FK|PON_BID_PO_NUMBERS|PO_HEADER_ID|po_headers_all|UNKNOWN|1
FUSION|UNKNOWN_FK|PON_BID_PO_NUMBERS|TRADING_PARTNER_CONTACT_ID|hz_parties|UNKNOWN|1
FUSION|UNKNOWN_FK|PON_BID_PO_NUMBERS|BID_NUMBER, PO_SEQUENCE_NUMBER|pon_bid_po_numbers|UNKNOWN|1
FUSION|UNKNOWN_FK|PON_BID_PO_NUMBERS|BID_NUMBER, SEQUENCE_NUMBER|pon_bid_po_numbers|UNKNOWN|1
FUSION|UNKNOWN_FK|PON_BID_PO_NUMBERS|BID_NUMBER, SEQUENCE_NUMBER|pon_bid_po_numbers|UNKNOWN|1
FUSION|UNKNOWN_FK|PON_BID_PO_NUMBERS_HISTORY|AUCTION_HEADER_ID|pon_auction_headers_all|UNKNOWN|1
FUSION|UNKNOWN_FK|PON_BID_PO_NUMBERS_HISTORY|BID_NUMBER|pon_bid_headers|UNKNOWN|1
FUSION|UNKNOWN_FK|PON_BID_PO_NUMBERS_HISTORY|PO_HEADER_ID|po_headers_all|UNKNOWN|1
FUSION|UNKNOWN_FK|PON_BID_PO_NUMBERS_HISTORY|TRADING_PARTNER_CONTACT_ID|hz_parties|UNKNOWN|1
FUSION|UNKNOWN_FK|PON_BID_PO_ORG_ASSIGNMENTS|AUCTION_HEADER_ID|pon_auction_headers_all|UNKNOWN|1
FUSION|UNKNOWN_FK|PON_BID_PO_ORG_ASSIGNMENTS|BID_NUMBER, PO_SEQUENCE_NUMBER|pon_bid_po_numbers|UNKNOWN|1
FUSION|UNKNOWN_FK|PON_BID_PO_ORG_ASSIGNMENTS|BID_NUMBER|pon_bid_headers|UNKNOWN|1
FUSION|UNKNOWN_FK|PON_BID_PRICE_ELEMENTS|BID_NUMBER, LINE_NUMBER|pon_bid_item_prices|UNKNOWN|1
FUSION|UNKNOWN_FK|PON_BID_PRICE_ELEMENTS|AUCTION_HEADER_ID|pon_auction_headers_all|UNKNOWN|1
FUSION|UNKNOWN_FK|PON_BID_REQUIREMENTS|AUCTION_HEADER_ID|pon_auction_headers_all|UNKNOWN|1
FUSION|UNKNOWN_FK|PON_BID_REQUIREMENTS|REQUIREMENT_ID|pon_requirements|UNKNOWN|1
FUSION|UNKNOWN_FK|PON_BID_REQUIREMENTS|SECTION_ID|pon_requirement_sections|UNKNOWN|1
FUSION|UNKNOWN_FK|PON_BID_REQUIREMENTS|BID_NUMBER|pon_bid_headers|UNKNOWN|1
FUSION|UNKNOWN_FK|PON_BID_REQUIREMENTS|PON_RESPONSE_HDR_ID, PON_RESPONSE_ID|pon_bid_requirements|UNKNOWN|1
FUSION|UNKNOWN_FK|PON_BID_REQUIREMENT_VALUES|AUCTION_HEADER_ID|pon_auction_headers_all|UNKNOWN|1
FUSION|UNKNOWN_FK|PON_BID_REQUIREMENT_VALUES|REQUIREMENT_ID|pon_requirements|UNKNOWN|1
FUSION|UNKNOWN_FK|PON_BID_REQUIREMENT_VALUES|SCORE_ID|pon_requirement_scores|UNKNOWN|1
FUSION|UNKNOWN_FK|PON_BID_REQUIREMENT_VALUES|BID_NUMBER|pon_bid_headers|UNKNOWN|1
FUSION|UNKNOWN_FK|PON_BID_SECTIONS|AUCTION_HEADER_ID|pon_auction_headers_all|UNKNOWN|1
FUSION|UNKNOWN_FK|PON_BID_SECTIONS|SECTION_ID|pon_requirement_sections|UNKNOWN|1
FUSION|UNKNOWN_FK|PON_BID_SECTIONS|BID_NUMBER|pon_bid_headers|UNKNOWN|1
FUSION|UNKNOWN_FK|PON_BID_SHIPMENTS|BID_NUMBER|pon_bid_headers|UNKNOWN|1
FUSION|UNKNOWN_FK|PON_BID_SHIPMENTS|AUCTION_HEADER_ID, LINE_NUMBER|pon_auction_item_prices_all|UNKNOWN|1
FUSION|UNKNOWN_FK|PON_BID_SHIPMENTS|AUCTION_HEADER_ID|pon_auction_headers_all|UNKNOWN|1
FUSION|UNKNOWN_FK|PON_BUYER_ACTIVITIES|AUCTION_HEADER_ID|pon_auction_headers_all|UNKNOWN|1
FUSION|UNKNOWN_FK|PON_DOCTYPE_STYLES_B|DOCTYPE_ID|pon_auc_doctypes_b|UNKNOWN|1
FUSION|UNKNOWN_FK|PON_DOCTYPE_STYLES_B|STYLE_ID|pon_negotiation_styles_b|UNKNOWN|1
FUSION|UNKNOWN_FK|PON_DOCTYPE_STYLES_B|DOCTYPE_ID, STYLE_ID|pon_doctype_styles_b|UNKNOWN|1
FUSION|UNKNOWN_FK|PON_DOCTYPE_STYLES_TL|DOCTYPE_ID, STYLE_ID|pon_doctype_styles_b|UNKNOWN|1
FUSION|UNKNOWN_FK|PON_LINE_ICF_SUMMARY|AUCTION_HEADER_ID|pon_auction_headers_all|UNKNOWN|1
FUSION|UNKNOWN_FK|PON_LIST_PRICE_ELEMENTS|LIST_ID|pon_price_element_lists|UNKNOWN|1
FUSION|UNKNOWN_FK|PON_LIST_PRICE_ELEMENTS|PRICE_ELEMENT_TYPE_ID|pon_price_element_types_b|UNKNOWN|1
FUSION|UNKNOWN_FK|PON_NEG_ABSTRACT_CONFIG|PRC_BU_ID|po_system_parameters_all|UNKNOWN|1
FUSION|UNKNOWN_FK|PON_NEGOTIATION_ABSTRACTS|AUCTION_HEADER_ID|pon_auction_headers_all|UNKNOWN|1
FUSION|UNKNOWN_FK|PON_NEGOTIATION_STYLES_B|STYLE_ID|pon_negotiation_styles_b|UNKNOWN|1
FUSION|UNKNOWN_FK|PON_NEGOTIATION_STYLES_B|STYLE_ID|pon_negotiation_styles_b|UNKNOWN|1
FUSION|UNKNOWN_FK|PON_NEGOTIATION_STYLES_B|STYLE_ID|pon_negotiation_styles_b|UNKNOWN|1
FUSION|UNKNOWN_FK|PON_NEGOTIATION_STYLES_TL|STYLE_ID|pon_negotiation_styles_b|UNKNOWN|1
FUSION|UNKNOWN_FK|PON_NEG_TEAM_MEMBERS|AUCTION_HEADER_ID|pon_auction_headers_all|UNKNOWN|1
FUSION|UNKNOWN_FK|PON_NEG_TEAM_MEMBERS|PERSON_ID|per_persons|UNKNOWN|1
FUSION|UNKNOWN_FK|PON_NEG_TERMS_ACCEPTANCE|AUCTION_HEADER_ID|pon_auction_headers_all|UNKNOWN|1
FUSION|UNKNOWN_FK|PON_NEG_TERMS_ACCEPTANCE|TRADING_PARTNER_ID|hz_parties|UNKNOWN|1
FUSION|UNKNOWN_FK|PON_NEG_TERMS_ACCEPTANCE|TRADING_PARTNER_CONTACT_ID|hz_parties|UNKNOWN|1
FUSION|UNKNOWN_FK|PON_NEG_TERMS_ACCEPTANCE|SURROG_BID_ACK_PERSON_ID|per_persons|UNKNOWN|1
FUSION|UNKNOWN_FK|PON_OBJECTIVE_NEGOTIATIONS|PROGRAM_HEADER_ID|pon_program_headers|UNKNOWN|1
FUSION|UNKNOWN_FK|PON_OBJECTIVE_NEGOTIATIONS|OBJECTIVE_HEADER_ID|pon_program_objectives|UNKNOWN|1
FUSION|UNKNOWN_FK|PO_NOTIFICATION_CONTROLS|PO_HEADER_ID|po_headers_all|UNKNOWN|1
FUSION|UNKNOWN_FK|PO_NOTIFICATION_CTRL_ARCHIVE|PO_HEADER_ID|po_headers_all|UNKNOWN|1
FUSION|UNKNOWN_FK|PO_NOTIFICATION_CTRL_DRAFT|PO_HEADER_ID|po_headers_draft_all|UNKNOWN|1
FUSION|UNKNOWN_FK|PON_PARTY_LINE_EXCLUSIONS|AUCTION_HEADER_ID, LINE_NUMBER|pon_auction_item_prices_all|UNKNOWN|1
FUSION|UNKNOWN_FK|PON_PARTY_LINE_EXCLUSIONS|TRADING_PARTNER_ID|hz_parties|UNKNOWN|1
FUSION|UNKNOWN_FK|PON_PARTY_LINE_EXCLUSIONS|REQUESTED_SUPPLIER_ID|hz_parties|UNKNOWN|1
FUSION|UNKNOWN_FK|PON_PRICE_ELEMENT_LISTS|LIST_ID|pon_price_element_lists|UNKNOWN|1
FUSION|UNKNOWN_FK|PON_PRICE_ELEMENT_TYPES_B|PRICE_ELEMENT_TYPE_ID|pon_price_element_types_b|UNKNOWN|1
FUSION|UNKNOWN_FK|PON_PRICE_ELEMENT_TYPES_B|PRICE_ELEMENT_TYPE_ID|pon_price_element_types_b|UNKNOWN|1
FUSION|UNKNOWN_FK|PON_PRICE_ELEMENT_TYPES_B|PRICE_ELEMENT_TYPE_ID|pon_price_element_types_b|UNKNOWN|1
FUSION|UNKNOWN_FK|PON_PRICE_ELEMENT_TYPES_B|PRICE_ELEMENT_TYPE_ID|pon_price_element_types_b|UNKNOWN|1
FUSION|UNKNOWN_FK|PON_PRICE_ELEMENT_TYPES_TL|PRICE_ELEMENT_TYPE_ID|pon_price_element_types_b|UNKNOWN|1
FUSION|UNKNOWN_FK|PON_PROGRAM_HEADERS|PERSON_ID|per_persons|UNKNOWN|1
FUSION|UNKNOWN_FK|PON_PROGRAM_HEADERS|RATE_TYPE|gl_daily_conversion_types|UNKNOWN|1
FUSION|UNKNOWN_FK|PON_PROGRAM_HEADERS|PROGRAM_HEADER_ID|pon_program_headers|UNKNOWN|1
FUSION|UNKNOWN_FK|PON_PROGRAM_HEADERS|PROGRAM_HEADER_ID|pon_program_headers|UNKNOWN|1
FUSION|UNKNOWN_FK|PON_PROGRAM_HEADERS|PROGRAM_HEADER_ID|pon_program_headers|UNKNOWN|1
FUSION|UNKNOWN_FK|PON_PROGRAM_OBJECTIVES|PROGRAM_HEADER_ID|pon_program_headers|UNKNOWN|1
FUSION|UNKNOWN_FK|PON_PROGRAM_OBJECTIVES|PERSON_ID|per_persons|UNKNOWN|1
FUSION|UNKNOWN_FK|PON_PROGRAM_OBJECTIVES|OBJECTIVE_HEADER_ID|pon_program_objectives|UNKNOWN|1
FUSION|UNKNOWN_FK|PON_PROGRAM_TEAM_MEMBERS|PROGRAM_HEADER_ID|pon_program_headers|UNKNOWN|1
FUSION|UNKNOWN_FK|PON_PROGRAM_TEAM_MEMBERS|PERSON_ID|per_persons|UNKNOWN|1
FUSION|UNKNOWN_FK|PON_REQUIREMENTS|AUCTION_HEADER_ID|pon_auction_headers_all|UNKNOWN|1
FUSION|UNKNOWN_FK|PON_REQUIREMENTS|SECTION_ID|pon_requirement_sections|UNKNOWN|1
FUSION|UNKNOWN_FK|PON_REQUIREMENTS|SCORE_ID|pon_requirement_scores|UNKNOWN|1
FUSION|UNKNOWN_FK|PON_REQUIREMENTS|REQUIREMENT_ID|pon_requirements|UNKNOWN|1
FUSION|UNKNOWN_FK|PON_REQUIREMENTS|REQUIREMENT_ID|pon_requirements|UNKNOWN|1
FUSION|UNKNOWN_FK|PON_REQUIREMENTS|REQUIREMENT_ID|pon_requirements|UNKNOWN|1
FUSION|UNKNOWN_FK|PON_REQUIREMENTS|REQUIREMENT_ID|pon_requirements|UNKNOWN|1
FUSION|UNKNOWN_FK|PON_REQUIREMENTS|REQUIREMENT_ID|pon_requirements|UNKNOWN|1
FUSION|UNKNOWN_FK|PON_REQUIREMENTS|REQUIREMENT_ID|pon_requirements|UNKNOWN|1
FUSION|UNKNOWN_FK|PON_REQUIREMENT_SCORES|AUCTION_HEADER_ID|pon_auction_headers_all|UNKNOWN|1
FUSION|UNKNOWN_FK|PON_REQUIREMENT_SCORES|REQUIREMENT_ID|pon_requirements|UNKNOWN|1
FUSION|UNKNOWN_FK|PON_REQUIREMENT_SCORES|SCORE_ID|pon_requirement_scores|UNKNOWN|1
FUSION|UNKNOWN_FK|PON_REQUIREMENT_SCORES|SCORE_ID|pon_requirement_scores|UNKNOWN|1
FUSION|UNKNOWN_FK|PON_REQUIREMENT_SECTIONS|AUCTION_HEADER_ID|pon_auction_headers_all|UNKNOWN|1
FUSION|UNKNOWN_FK|PON_REQUIREMENT_SECTIONS|SECTION_ID|pon_requirement_sections|UNKNOWN|1
FUSION|UNKNOWN_FK|PON_REQUIREMENT_SECTIONS|SECTION_ID|pon_requirement_sections|UNKNOWN|1
FUSION|UNKNOWN_FK|PON_REQUIREMENT_SECTIONS|SECTION_ID|pon_requirement_sections|UNKNOWN|1
FUSION|UNKNOWN_FK|PON_REQUIREMENT_SECTIONS_INT|AUCTION_HEADER_ID|pon_auction_headers_all|UNKNOWN|1
FUSION|UNKNOWN_FK|PON_REQUIREMENTS_INT|AUCTION_HEADER_ID|pon_auction_headers_all|UNKNOWN|1
FUSION|UNKNOWN_FK|PON_REQUIREMENTS_INT|REQUIREMENT_ID|pon_requirements|UNKNOWN|1
FUSION|UNKNOWN_FK|PON_SCORING_TEAM_MEMBERS|AUCTION_HEADER_ID|pon_auction_headers_all|UNKNOWN|1
FUSION|UNKNOWN_FK|PON_SCORING_TEAM_MEMBERS|AUCTION_HEADER_ID, TEAM_ID|pon_scoring_teams|UNKNOWN|1
FUSION|UNKNOWN_FK|PON_SCORING_TEAMS|AUCTION_HEADER_ID|pon_auction_headers_all|UNKNOWN|1
FUSION|UNKNOWN_FK|PON_SCORING_TEAMS|AUCTION_HEADER_ID, TEAM_ID|pon_scoring_teams|UNKNOWN|1
FUSION|UNKNOWN_FK|PON_SELLER_AUC_BID_HEADERS|BID_NUMBER|pon_seller_auc_bid_headers|UNKNOWN|1
FUSION|UNKNOWN_FK|PON_SELLER_AUC_BID_LINES|BID_NUMBER|pon_seller_auc_bid_headers|UNKNOWN|1
FUSION|UNKNOWN_FK|PON_SELLER_AUC_BID_LINES|SELLER_AUCTION_HEADER_ID, LINE_ID|pon_seller_auction_lines|UNKNOWN|1
FUSION|UNKNOWN_FK|PON_SELLER_AUCTION_BIDDERS|SELLER_AUCTION_HEADER_ID|pon_seller_auction_headers|UNKNOWN|1
FUSION|UNKNOWN_FK|PON_SELLER_AUCTION_HEADERS|SELLER_AUCTION_HEADER_ID|pon_seller_auction_headers|UNKNOWN|1
FUSION|UNKNOWN_FK|PON_SELLER_AUCTION_HEADERS|SELLER_AUCTION_HEADER_ID|pon_seller_auction_headers|UNKNOWN|1
FUSION|UNKNOWN_FK|PON_SELLER_AUCTION_LINES|SELLER_AUCTION_HEADER_ID|pon_seller_auction_headers|UNKNOWN|1
FUSION|UNKNOWN_FK|PON_SELLER_AUCTION_LINES|SELLER_AUCTION_HEADER_ID, LINE_ID|pon_seller_auction_lines|UNKNOWN|1
FUSION|UNKNOWN_FK|PON_SUPPLIER_ACCESS|AUCTION_HEADER_ID_ORIG_AMEND|pon_auction_headers_all|UNKNOWN|1
FUSION|UNKNOWN_FK|PON_SUPPLIER_ACCESS|AUCTION_HEADER_ID|pon_auction_headers_all|UNKNOWN|1
FUSION|UNKNOWN_FK|PON_SUPPLIER_ACCESS|SUPPLIER_TRADING_PARTNER_ID|hz_parties|UNKNOWN|1
FUSION|UNKNOWN_FK|PON_SUPPLIER_ACCESS|BUYER_PERSON_ID|per_persons|UNKNOWN|1
FUSION|UNKNOWN_FK|PON_SUPPLIER_ACTIVITIES|AUCTION_HEADER_ID|pon_auction_headers_all|UNKNOWN|1
FUSION|UNKNOWN_FK|PON_SUPPLIER_ACTIVITIES|AUCTION_HEADER_ID_ORIG_AMEND|pon_auction_headers_all|UNKNOWN|1
FUSION|UNKNOWN_FK|PON_SUPPLIER_ACTIVITIES|TRADING_PARTNER_ID|hz_parties|UNKNOWN|1
FUSION|UNKNOWN_FK|PON_SUPPLIER_ACTIVITIES|TRADING_PARTNER_CONTACT_ID|hz_parties|UNKNOWN|1
FUSION|UNKNOWN_FK|PON_SUPPLIER_ICF_VALUES|AUCTION_HEADER_ID|pon_auction_headers_all|UNKNOWN|1
FUSION|UNKNOWN_FK|PON_SUPPLIER_ICF_VALUES|PRICE_ELEMENT_TYPE_ID|pon_price_element_types_b|UNKNOWN|1
FUSION|UNKNOWN_FK|PON_TEAM_BID_SCORES|PERSON_ID|per_persons|UNKNOWN|1
FUSION|UNKNOWN_FK|PON_TEAM_BID_SCORES|AUCTION_HEADER_ID|pon_auction_headers_all|UNKNOWN|1
FUSION|UNKNOWN_FK|PON_TEAM_BID_SCORES|BID_NUMBER|pon_bid_headers|UNKNOWN|1
FUSION|UNKNOWN_FK|PON_TEAM_REQUIREMENT_SCORES|BID_NUMBER|pon_bid_headers|UNKNOWN|1
FUSION|UNKNOWN_FK|PON_TEAM_REQUIREMENT_SCORES|REQUIREMENT_ID|pon_requirements|UNKNOWN|1
FUSION|UNKNOWN_FK|PON_TEAM_REQUIREMENT_SCORES|PERSON_ID|per_persons|UNKNOWN|1
FUSION|UNKNOWN_FK|PON_TEAM_REQUIREMENT_SCORES|AUCTION_HEADER_ID|pon_auction_headers_all|UNKNOWN|1
FUSION|UNKNOWN_FK|PON_THREAD_MESSAGES|THREAD_ID|pon_threads|UNKNOWN|1
FUSION|UNKNOWN_FK|PON_THREAD_MESSAGES|FROM_PERSON_ID|per_persons|UNKNOWN|1
FUSION|UNKNOWN_FK|PON_THREAD_MESSAGES|FROM_PARTY_ID|hz_parties|UNKNOWN|1
FUSION|UNKNOWN_FK|PON_THREAD_MESSAGES|FROM_TRADING_PARTNER_ID|hz_parties|UNKNOWN|1
FUSION|UNKNOWN_FK|PON_THREAD_MESSAGES|PARENT_MESSAGE_ID|pon_thread_messages|UNKNOWN|1
FUSION|UNKNOWN_FK|PON_THREAD_MESSAGES|PARENT_MESSAGE_ID|pon_thread_messages|UNKNOWN|1
FUSION|UNKNOWN_FK|PON_THREAD_MESSAGES|MESSAGE_ID|pon_thread_messages|UNKNOWN|1
FUSION|UNKNOWN_FK|PON_THREADS|AUCTION_HEADER_ID|pon_auction_headers_all|UNKNOWN|1
FUSION|UNKNOWN_FK|PON_THREADS|PERSON_ID|per_persons|UNKNOWN|1
FUSION|UNKNOWN_FK|PON_THREADS|PARTY_ID|hz_parties|UNKNOWN|1
FUSION|UNKNOWN_FK|PON_THREADS|THREAD_ID|pon_threads|UNKNOWN|1
FUSION|UNKNOWN_FK|POQ_ASSESSMENT_QUALS|ASSESSMENT_ID|poq_assessments|UNKNOWN|1
FUSION|UNKNOWN_FK|POQ_ASSESSMENT_QUALS|INITIATIVE_ID|poq_initiatives|UNKNOWN|1
FUSION|UNKNOWN_FK|POQ_ASSESSMENT_QUALS|QUALIFICATION_ID|poq_qualifications|UNKNOWN|1
FUSION|UNKNOWN_FK|POQ_ASSESSMENTS|SUPPLIER_ID|poz_suppliers|UNKNOWN|1
FUSION|UNKNOWN_FK|POQ_ASSESSMENTS|QUAL_MODEL_ID|poq_qual_models|UNKNOWN|1
FUSION|UNKNOWN_FK|POQ_ASSESSMENTS|INITIATIVE_ID|poq_initiatives|UNKNOWN|1
FUSION|UNKNOWN_FK|POQ_ASSESSMENTS|ASSESSMENT_ID|poq_assessments|UNKNOWN|1
FUSION|UNKNOWN_FK|POQ_AUTO_ERROR_ATTRIBUTES|AUTO_ERROR_ATTR_ID|poq_automation_errors|UNKNOWN|1
FUSION|UNKNOWN_FK|POQ_AUTOMATION_ERRORS|AUTO_ERROR_ATTR_ID|poq_automation_errors|UNKNOWN|1
FUSION|UNKNOWN_FK|POQ_EVALUATION_TEAM|INITIATIVE_ID|poq_initiatives|UNKNOWN|1
FUSION|UNKNOWN_FK|POQ_INITIATIVES|QUAL_MODEL_ID|poq_qual_models|UNKNOWN|1
FUSION|UNKNOWN_FK|POQ_INITIATIVES|OWNER_ID|per_persons|UNKNOWN|1
FUSION|UNKNOWN_FK|POQ_INITIATIVES|INITIATIVE_ID|poq_initiatives|UNKNOWN|1
FUSION|UNKNOWN_FK|POQ_INITIATIVES|INITIATIVE_ID|poq_initiatives|UNKNOWN|1
FUSION|UNKNOWN_FK|POQ_INITIATIVES|INITIATIVE_ID|poq_initiatives|UNKNOWN|1
FUSION|UNKNOWN_FK|POQ_INITIATIVES|INITIATIVE_ID|poq_initiatives|UNKNOWN|1
FUSION|UNKNOWN_FK|POQ_INITIATIVES|INITIATIVE_ID|poq_initiatives|UNKNOWN|1
FUSION|UNKNOWN_FK|POQ_INITIATIVES|INITIATIVE_ID|poq_initiatives|UNKNOWN|1
FUSION|UNKNOWN_FK|POQ_INITIATIVES|INITIATIVE_ID|poq_initiatives|UNKNOWN|1
FUSION|UNKNOWN_FK|POQ_INITIATIVES|INITIATIVE_ID|poq_initiatives|UNKNOWN|1
FUSION|UNKNOWN_FK|POQ_INITIATIVES|INITIATIVE_ID|poq_initiatives|UNKNOWN|1
FUSION|UNKNOWN_FK|POQ_INITIATIVE_SUPPLIERS|INITIATIVE_ID|poq_initiatives|UNKNOWN|1
FUSION|UNKNOWN_FK|POQ_INITIATIVE_SUPPLIERS|SUPPLIER_ID|poz_suppliers|UNKNOWN|1
FUSION|UNKNOWN_FK|POQ_INIT_QUAL_AREAS|INITIATIVE_ID|poq_initiatives|UNKNOWN|1
FUSION|UNKNOWN_FK|POQ_INIT_QUAL_AREAS|QUAL_AREA_ID|poq_qual_areas_b|UNKNOWN|1
FUSION|UNKNOWN_FK|POQ_QNAIRE_RULE_ENTITY|QUESTNAIRE_RULE_ID|poq_qnaire_rules|UNKNOWN|1
FUSION|UNKNOWN_FK|POQ_QNAIRE_RULES|QUESTNAIRE_ID|poq_questnaires_b|UNKNOWN|1
FUSION|UNKNOWN_FK|POQ_QNAIRE_RULES|QUESTNAIRE_RULE_ID|poq_qnaire_rules|UNKNOWN|1
FUSION|UNKNOWN_FK|POQ_QUAL_AREA_BU_ACCESSES|QUAL_AREA_ID|poq_qual_areas_b|UNKNOWN|1
FUSION|UNKNOWN_FK|POQ_QUAL_AREA_OUTCOMES|QUAL_AREA_ID|poq_qual_areas_b|UNKNOWN|1
FUSION|UNKNOWN_FK|POQ_QUAL_AREA_QUESTIONS|QUAL_AREA_ID|poq_qual_areas_b|UNKNOWN|1
FUSION|UNKNOWN_FK|POQ_QUAL_AREA_QUESTIONS|QUESTION_ID|poq_questions_b|UNKNOWN|1
FUSION|UNKNOWN_FK|POQ_QUAL_AREAS_B|QUAL_AREA_ID|poq_qual_areas_b|UNKNOWN|1
FUSION|UNKNOWN_FK|POQ_QUAL_AREAS_B|QUAL_AREA_ID|poq_qual_areas_b|UNKNOWN|1
FUSION|UNKNOWN_FK|POQ_QUAL_AREAS_B|QUAL_AREA_ID|poq_qual_areas_b|UNKNOWN|1
FUSION|UNKNOWN_FK|POQ_QUAL_AREAS_B|QUAL_AREA_ID|poq_qual_areas_b|UNKNOWN|1
FUSION|UNKNOWN_FK|POQ_QUAL_AREAS_B|QUAL_AREA_ID|poq_qual_areas_b|UNKNOWN|1
FUSION|UNKNOWN_FK|POQ_QUAL_AREAS_B|QUAL_AREA_ID|poq_qual_areas_b|UNKNOWN|1
FUSION|UNKNOWN_FK|POQ_QUALIFICATIONS|INITIATIVE_ID|poq_initiatives|UNKNOWN|1
FUSION|UNKNOWN_FK|POQ_QUALIFICATIONS|QUAL_AREA_ID|poq_qual_areas_b|UNKNOWN|1
FUSION|UNKNOWN_FK|POQ_QUALIFICATIONS|SUPPLIER_ID|poz_suppliers|UNKNOWN|1
FUSION|UNKNOWN_FK|POQ_QUALIFICATIONS|QUALIFICATION_ID|poq_qualifications|UNKNOWN|1
FUSION|UNKNOWN_FK|POQ_QUALIFICATIONS|QUALIFICATION_ID|poq_qualifications|UNKNOWN|1
FUSION|UNKNOWN_FK|POQ_QUAL_MODEL_AREAS|QUAL_AREA_ID|poq_qual_areas_b|UNKNOWN|1
FUSION|UNKNOWN_FK|POQ_QUAL_MODEL_AREAS|QUAL_MODEL_ID|poq_qual_models|UNKNOWN|1
FUSION|UNKNOWN_FK|POQ_QUAL_MODEL_BU_ACCESSES|QUAL_MODEL_ID|poq_qual_models|UNKNOWN|1
FUSION|UNKNOWN_FK|POQ_QUAL_MODEL_OUTCOMES|QUAL_MODEL_ID|poq_qual_models|UNKNOWN|1
FUSION|UNKNOWN_FK|POQ_QUAL_MODELS|QUAL_MODEL_ID|poq_qual_models|UNKNOWN|1
FUSION|UNKNOWN_FK|POQ_QUAL_MODELS|QUAL_MODEL_ID|poq_qual_models|UNKNOWN|1
FUSION|UNKNOWN_FK|POQ_QUAL_MODELS|QUAL_MODEL_ID|poq_qual_models|UNKNOWN|1
FUSION|UNKNOWN_FK|POQ_QUAL_MODELS|QUAL_MODEL_ID|poq_qual_models|UNKNOWN|1
FUSION|UNKNOWN_FK|POQ_QUAL_MODELS|QUAL_MODEL_ID|poq_qual_models|UNKNOWN|1
FUSION|UNKNOWN_FK|POQ_QUAL_RESPONSES|QUALIFICATION_ID|poq_qualifications|UNKNOWN|1
FUSION|UNKNOWN_FK|POQ_QUAL_RESPONSES|QUESTION_ID|poq_questions_b|UNKNOWN|1
FUSION|UNKNOWN_FK|POQ_QUAL_RESPONSES|RESPONSE_REPOSITORY_ID|poq_response_repository|UNKNOWN|1
FUSION|UNKNOWN_FK|POQ_QUES_ACC_RESPONSES_B|QUESTION_ID|poq_questions_b|UNKNOWN|1
FUSION|UNKNOWN_FK|POQ_QUES_ACC_RESPONSES_B|ACC_RESPONSE_ID|poq_ques_acc_responses_b|UNKNOWN|1
FUSION|UNKNOWN_FK|POQ_QUES_ACC_RESPONSES_B|ACC_RESPONSE_ID|poq_ques_acc_responses_b|UNKNOWN|1
FUSION|UNKNOWN_FK|POQ_QUES_ACC_RESPONSES_B|ACC_RESPONSE_ID|poq_ques_acc_responses_b|UNKNOWN|1
FUSION|UNKNOWN_FK|POQ_QUES_ACC_RESPONSES_B|ACC_RESPONSE_ID|poq_ques_acc_responses_b|UNKNOWN|1
FUSION|UNKNOWN_FK|POQ_QUESTION_BRANCHES|ACC_RESPONSE_ID|poq_ques_acc_responses_b|UNKNOWN|1
FUSION|UNKNOWN_FK|POQ_QUESTION_BRANCHES|BRANCH_TO_QUESTION_ID|poq_questions_b|UNKNOWN|1
FUSION|UNKNOWN_FK|POQ_QUESTIONS_B|SUPPLIER_ATTRIBUTE_CODE|poq_supplier_attributes_b|UNKNOWN|1
FUSION|UNKNOWN_FK|POQ_QUESTIONS_B|QUESTION_ID|poq_questions_b|UNKNOWN|1
FUSION|UNKNOWN_FK|POQ_QUESTIONS_B|QUESTION_ID|poq_questions_b|UNKNOWN|1
FUSION|UNKNOWN_FK|POQ_QUESTIONS_B|QUESTION_ID|poq_questions_b|UNKNOWN|1
FUSION|UNKNOWN_FK|POQ_QUESTIONS_B|QUESTION_ID|poq_questions_b|UNKNOWN|1
FUSION|UNKNOWN_FK|POQ_QUESTIONS_B|QUESTION_ID|poq_questions_b|UNKNOWN|1
FUSION|UNKNOWN_FK|POQ_QUESTIONS_B|BRANCH_TO_QUESTION_ID|poq_questions_b|UNKNOWN|1
FUSION|UNKNOWN_FK|POQ_QUESTIONS_B|QUESTION_ID|poq_questions_b|UNKNOWN|1
FUSION|UNKNOWN_FK|POQ_QUESTIONS_B|QUESTION_ID|poq_questions_b|UNKNOWN|1
FUSION|UNKNOWN_FK|POQ_QUESTIONS_B|QUESTION_ID|poq_questions_b|UNKNOWN|1
FUSION|UNKNOWN_FK|POQ_QUESTIONS_B|QUESTION_ID|poq_questions_b|UNKNOWN|1
FUSION|UNKNOWN_FK|POQ_QUESTIONS_B|QUESTION_ID|poq_questions_b|UNKNOWN|1
FUSION|UNKNOWN_FK|POQ_QUESTION_SCORES|QUESTION_ID|poq_questions_b|UNKNOWN|1
FUSION|UNKNOWN_FK|POQ_QUESTNAIRE_ACC_RESPS|QUESTNAIRE_ID|poq_questnaires_b|UNKNOWN|1
FUSION|UNKNOWN_FK|POQ_QUESTNAIRE_ACC_RESPS|QUESTION_ID|poq_questions_b|UNKNOWN|1
FUSION|UNKNOWN_FK|POQ_QUESTNAIRE_ACC_RESPS|ACC_RESPONSE_ID|poq_ques_acc_responses_b|UNKNOWN|1
FUSION|UNKNOWN_FK|POQ_QUESTNAIRE_QUESTIONS|QUESTNAIRE_ID|poq_questnaires_b|UNKNOWN|1
FUSION|UNKNOWN_FK|POQ_QUESTNAIRE_QUESTIONS|QUESTNAIRE_SECTION_ID|poq_questnaire_sections_b|UNKNOWN|1
FUSION|UNKNOWN_FK|POQ_QUESTNAIRE_QUESTIONS|QUESTION_ID|poq_questions_b|UNKNOWN|1
FUSION|UNKNOWN_FK|POQ_QUESTNAIRE_QUESTIONS|QUESTNAIRE_QUESTION_ID|poq_questnaire_questions|UNKNOWN|1
FUSION|UNKNOWN_FK|POQ_QUESTNAIRE_RESP_HEADERS|QUESTNAIRE_RESP_HEADER_ID|poq_questnaires_b|UNKNOWN|1
FUSION|UNKNOWN_FK|POQ_QUESTNAIRE_RESP_HEADERS|INITIATIVE_ID|poq_initiatives|UNKNOWN|1
FUSION|UNKNOWN_FK|POQ_QUESTNAIRE_RESP_HEADERS|QUESTNAIRE_RESP_HEADER_ID|poq_questnaire_resp_headers|UNKNOWN|1
FUSION|UNKNOWN_FK|POQ_QUESTNAIRE_RESP_HEADERS|QUESTNAIRE_RESP_HEADER_ID|poq_questnaire_resp_headers|UNKNOWN|1
FUSION|UNKNOWN_FK|POQ_QUESTNAIRE_RESPONSES|QUESTNAIRE_RESP_HEADER_ID|poq_questnaire_resp_headers|UNKNOWN|1
FUSION|UNKNOWN_FK|POQ_QUESTNAIRE_RESPONSES|QUESTION_ID|poq_questions_b|UNKNOWN|1
FUSION|UNKNOWN_FK|POQ_QUESTNAIRE_RESPONSES|QUESTNAIRE_QUESTION_ID|poq_questnaire_questions|UNKNOWN|1
FUSION|UNKNOWN_FK|POQ_QUESTNAIRE_RESPONSES|QUESTNAIRE_RESP_SECTION_ID|poq_questnaire_resp_sections|UNKNOWN|1
FUSION|UNKNOWN_FK|POQ_QUESTNAIRE_RESPONSES|POQ_QUESTNAIRE_RESPONSE_ID|poq_questnaire_responses|UNKNOWN|1
FUSION|UNKNOWN_FK|POQ_QUESTNAIRE_RESPONSES|QUESTNAIRE_RESPONSE_ID|poq_questnaire_responses|UNKNOWN|1
FUSION|UNKNOWN_FK|POQ_QUESTNAIRE_RESP_SECTIONS|QUESTNAIRE_RESP_HEADER_ID|poq_questnaire_resp_headers|UNKNOWN|1
FUSION|UNKNOWN_FK|POQ_QUESTNAIRE_RESP_SECTIONS|QUESTNAIRE_SECTION_ID|poq_questnaire_sections_b|UNKNOWN|1
FUSION|UNKNOWN_FK|POQ_QUESTNAIRE_RESP_SECTIONS|QUESTNAIRE_RESP_SECTION_ID|poq_questnaire_resp_sections|UNKNOWN|1
FUSION|UNKNOWN_FK|POQ_QUESTNAIRE_RESP_VALUES|QUESTNAIRE_RESPONSE_ID|poq_questnaire_responses|UNKNOWN|1
FUSION|UNKNOWN_FK|POQ_QUESTNAIRE_RESP_VALUES|ACC_RESPONSE_ID|poq_ques_acc_responses_b|UNKNOWN|1
FUSION|UNKNOWN_FK|POQ_QUESTNAIRES_B|INITIATIVE_ID|poq_initiatives|UNKNOWN|1
FUSION|UNKNOWN_FK|POQ_QUESTNAIRES_B|QUESTNAIRE_ID|poq_questnaires_b|UNKNOWN|1
FUSION|UNKNOWN_FK|POQ_QUESTNAIRES_B|QUESTNAIRE_ID|poq_questnaires_b|UNKNOWN|1
FUSION|UNKNOWN_FK|POQ_QUESTNAIRES_B|QUESTNAIRE_RESP_HEADER_ID|poq_questnaires_b|UNKNOWN|1
FUSION|UNKNOWN_FK|POQ_QUESTNAIRES_B|QUESTNAIRE_ID|poq_questnaires_b|UNKNOWN|1
FUSION|UNKNOWN_FK|POQ_QUESTNAIRES_B|QUESTNAIRE_ID|poq_questnaires_b|UNKNOWN|1
FUSION|UNKNOWN_FK|POQ_QUESTNAIRES_B|QUESTNAIRE_ID|poq_questnaires_b|UNKNOWN|1
FUSION|UNKNOWN_FK|POQ_QUESTNAIRE_SECTIONS_B|QUESTNAIRE_ID|poq_questnaires_b|UNKNOWN|1
FUSION|UNKNOWN_FK|POQ_QUESTNAIRE_SECTIONS_B|QUESTNAIRE_SECTION_ID|poq_questnaire_sections_b|UNKNOWN|1
FUSION|UNKNOWN_FK|POQ_QUESTNAIRE_SECTIONS_B|QUESTNAIRE_SECTION_ID|poq_questnaire_sections_b|UNKNOWN|1
FUSION|UNKNOWN_FK|POQ_REMOVED_QUESTIONS|QUESTNAIRE_ID|poq_questnaires_b|UNKNOWN|1
FUSION|UNKNOWN_FK|POQ_RESPONSE_REPOSITORY|QUESTION_ID|poq_questions_b|UNKNOWN|1
FUSION|UNKNOWN_FK|POQ_RESPONSE_REPOSITORY|RESPONSE_REPOSITORY_ID|poq_response_repository|UNKNOWN|1
FUSION|UNKNOWN_FK|POQ_RESPONSE_REPOSITORY|RESPONSE_REPOSITORY_ID|poq_response_repository|UNKNOWN|1
FUSION|UNKNOWN_FK|POQ_RESPONSE_REPOSITORY|RESPONSE_REPOSITORY_ID|poq_response_repository|UNKNOWN|1
FUSION|UNKNOWN_FK|POQ_RESP_REPOS_BUS_CLASS|RESPONSE_REPOSITORY_ID|poq_response_repository|UNKNOWN|1
FUSION|UNKNOWN_FK|POQ_RESP_REPOS_INT|QUESTION_ID|poq_questions_b|UNKNOWN|1
FUSION|UNKNOWN_FK|POQ_RESP_REPOS_INT|RESP_REPOS_INTERFACE_ID|poq_resp_repos_int|UNKNOWN|1
FUSION|UNKNOWN_FK|POQ_RESP_REPOSITORY_VALUES|RESPONSE_REPOSITORY_ID|poq_response_repository|UNKNOWN|1
FUSION|UNKNOWN_FK|POQ_RESP_REPOSITORY_VALUES|ACC_RESPONSE_ID|poq_ques_acc_responses_b|UNKNOWN|1
FUSION|UNKNOWN_FK|POQ_RESP_REPOS_VALUE_INT|RESP_REPOS_INTERFACE_ID|poq_resp_repos_int|UNKNOWN|1
FUSION|UNKNOWN_FK|POQ_RULE_AREA_QUESTIONS|RULE_ID|poq_rules|UNKNOWN|1
FUSION|UNKNOWN_FK|POQ_RULES|RULE_SET_ID|poq_rule_sets_b|UNKNOWN|1
FUSION|UNKNOWN_FK|POQ_RULES|RULE_ID|poq_rules|UNKNOWN|1
FUSION|UNKNOWN_FK|POQ_RULES|RULE_ID|poq_rules|UNKNOWN|1
FUSION|UNKNOWN_FK|POQ_RULES|RULE_ID|poq_rules|UNKNOWN|1
FUSION|UNKNOWN_FK|POQ_RULE_SET_BU_ASSIGNMENTS|RULE_SET_ID|poq_rule_sets_b|UNKNOWN|1
FUSION|UNKNOWN_FK|POQ_RULE_SETS_B|RULE_SET_ID|poq_rule_sets_b|UNKNOWN|1
FUSION|UNKNOWN_FK|POQ_RULE_SETS_B|RULE_SET_ID|poq_rule_sets_b|UNKNOWN|1
FUSION|UNKNOWN_FK|POQ_SUPPLIER_ATTRIBUTES_B|SUPPLIER_ATTRIBUTE_CODE|poq_supplier_attributes_b|UNKNOWN|1
FUSION|UNKNOWN_FK|POQ_SUPPLIER_ATTRIBUTES_B|SUPPLIER_ATTRIBUTE_CODE|poq_supplier_attributes_b|UNKNOWN|1
FUSION|UNKNOWN_FK|POQ_SUPPLIER_ATTRIBUTES_B|SUPPLIER_ATTRIBUTE_CODE|poq_supplier_attributes_b|UNKNOWN|1
FUSION|UNKNOWN_FK|POQ_SUPPLIER_ATTRIBUTES_TL|SUPPLIER_ATTRIBUTE_CODE|poq_supplier_attributes_b|UNKNOWN|1
FUSION|UNKNOWN_FK|POR_AMX_AGGREGATE_ATTRIBUTES|ATTRIBUTE_ID|por_amx_attributes|UNKNOWN|1
FUSION|UNKNOWN_FK|POR_AMX_ATTRIBUTES|DIMENSION_ID|por_amx_dimensions|UNKNOWN|1
FUSION|UNKNOWN_FK|POR_AMX_ATTRIBUTES|ATTRIBUTE_ID|por_amx_attributes|UNKNOWN|1
FUSION|UNKNOWN_FK|POR_AMX_ATTRIBUTES|ATTRIBUTE_ID|por_amx_attributes|UNKNOWN|1
FUSION|UNKNOWN_FK|POR_AMX_ATTRIBUTES|ATTRIBUTE_ID|por_amx_attributes|UNKNOWN|1
FUSION|UNKNOWN_FK|POR_AMX_ATTRIBUTES|ATTRIBUTE_ID|por_amx_attributes|UNKNOWN|1
FUSION|UNKNOWN_FK|POR_AMX_CUSTOM_ATTRIBUTES|ATTRIBUTE_ID|por_amx_attributes|UNKNOWN|1
FUSION|UNKNOWN_FK|POR_AMX_DIMENSIONS|TASK_ID|por_amx_tasks|UNKNOWN|1
FUSION|UNKNOWN_FK|POR_AMX_DIMENSIONS|DIMENSION_ID|por_amx_dimensions|UNKNOWN|1
FUSION|UNKNOWN_FK|POR_AMX_PARTICIPANTS|STAGE_ID|por_amx_stages|UNKNOWN|1
FUSION|UNKNOWN_FK|POR_AMX_PARTICIPANTS|PARTICIPANT_ID|por_amx_participants|UNKNOWN|1
FUSION|UNKNOWN_FK|POR_AMX_RULE_ATTRIBUTE_USAGES|ATTRIBUTE_ID|por_amx_attributes|UNKNOWN|1
FUSION|UNKNOWN_FK|POR_AMX_RULESET_CHECKSUMS|PARTICIPANT_ID|por_amx_participants|UNKNOWN|1
FUSION|UNKNOWN_FK|POR_AMX_STAGES|TASK_ID|por_amx_tasks|UNKNOWN|1
FUSION|UNKNOWN_FK|POR_AMX_STAGES|STAGE_ID|por_amx_stages|UNKNOWN|1
FUSION|UNKNOWN_FK|POR_AMX_TASKS|TASK_ID|por_amx_tasks|UNKNOWN|1
FUSION|UNKNOWN_FK|POR_AMX_TASKS|TASK_ID|por_amx_tasks|UNKNOWN|1
FUSION|UNKNOWN_FK|POR_BROWSE_CATEGORIES_B|PARENT_CATEGORY_ID|por_browse_categories_b|UNKNOWN|1
FUSION|UNKNOWN_FK|POR_BROWSE_CATEGORIES_B|CATEGORY_ID|por_browse_categories_b|UNKNOWN|1
FUSION|UNKNOWN_FK|POR_BROWSE_CATEGORIES_B|PARENT_CATEGORY_ID|por_browse_categories_b|UNKNOWN|1
FUSION|UNKNOWN_FK|POR_BROWSE_CATEGORIES_TL|CATEGORY_ID|por_browse_categories_b|UNKNOWN|1
FUSION|UNKNOWN_FK|POR_BROWSE_NORMALIZED_TREES|PARENT_CATEGORY_ID|por_browse_categories_b|UNKNOWN|1
FUSION|UNKNOWN_FK|POR_BROWSE_TREES|PARENT_CATEGORY_ID|por_browse_categories_b|UNKNOWN|1
FUSION|UNKNOWN_FK|POR_CATALOG_ASSIGNMENTS|CATALOG_ID|por_catalogs_all_b|UNKNOWN|1
FUSION|UNKNOWN_FK|POR_CATALOGS_ALL_B|CATALOG_ID|por_catalogs_all_b|UNKNOWN|1
FUSION|UNKNOWN_FK|POR_CATALOGS_ALL_B|CATALOG_ID|por_catalogs_all_b|UNKNOWN|1
FUSION|UNKNOWN_FK|POR_CATALOGS_ALL_B|CATALOG_ID|por_catalogs_all_b|UNKNOWN|1
FUSION|UNKNOWN_FK|POR_CATALOGS_ALL_B|CATALOG_ID|por_catalogs_all_b|UNKNOWN|1
FUSION|UNKNOWN_FK|POR_CATALOGS_ALL_B|CATALOG_ID|por_catalogs_all_b|UNKNOWN|1
FUSION|UNKNOWN_FK|POR_CONTENT_ZONES_ALL_B|CONTENT_ZONE_ID|por_content_zones_all_b|UNKNOWN|1
FUSION|UNKNOWN_FK|POR_CONTENT_ZONES_ALL_B|CONTENT_ZONE_ID|por_content_zones_all_b|UNKNOWN|1
FUSION|UNKNOWN_FK|POR_CONTENT_ZONES_ALL_B|CONTENT_ZONE_ID|por_content_zones_all_b|UNKNOWN|1
FUSION|UNKNOWN_FK|POR_CONTENT_ZONES_ALL_TL|CONTENT_ZONE_ID|por_content_zones_all_b|UNKNOWN|1
FUSION|UNKNOWN_FK|POR_CZ_ASSIGNMENTS|CONTENT_ZONE_ID|por_content_zones_all_b|UNKNOWN|1
FUSION|UNKNOWN_FK|POR_CZ_SECURITY_ASSIGNMENTS|CONTENT_ZONE_ID|por_content_zones_all_b|UNKNOWN|1
FUSION|UNKNOWN_FK|POR_DOC_PARSE_ERRORS|JOB_NUMBER|por_doc_upload_jobs|UNKNOWN|1
FUSION|UNKNOWN_FK|POR_DOC_UPLOAD_JOBS|PO_HEADER_ID|po_headers_all|UNKNOWN|1
FUSION|UNKNOWN_FK|POR_DOC_UPLOAD_JOBS|INTERFACE_HEADER_ID|po_headers_interface|UNKNOWN|1
FUSION|UNKNOWN_FK|POR_DOC_UPLOAD_JOBS|JOB_NUMBER|por_doc_upload_jobs|UNKNOWN|1
FUSION|UNKNOWN_FK|POR_DOC_UPLOAD_JOBS|JOB_NUMBER|por_doc_upload_jobs|UNKNOWN|1
FUSION|UNKNOWN_FK|PO_RECENT_ACTIVITIES|OBJECT_ID|po_headers_all|UNKNOWN|1
FUSION|UNKNOWN_FK|PO_RECENT_ACTIVITIES|PO_VERSION_ID|po_versions|UNKNOWN|1
FUSION|UNKNOWN_FK|POR_INFO_CATALOGS|CATALOG_ID|por_catalogs_all_b|UNKNOWN|1
FUSION|UNKNOWN_FK|POR_INFO_TEMPLATES_ALL_B|INFO_TEMPLATE_ID|por_info_templates_all_b|UNKNOWN|1
FUSION|UNKNOWN_FK|POR_INFO_TEMPLATES_ALL_B|INFO_TEMPLATE_ID|por_info_templates_all_b|UNKNOWN|1
FUSION|UNKNOWN_FK|POR_INFO_TEMPLATES_ALL_TL|INFO_TEMPLATE_ID|por_info_templates_all_b|UNKNOWN|1
FUSION|UNKNOWN_FK|POR_ITEMS_CTX_DTLS_TLP|ITEM_CTX_HEADER_ID|por_items_ctx_hdrs_tlp|UNKNOWN|1
FUSION|UNKNOWN_FK|POR_ITEMS_CTX_HDRS_TLP|ITEM_CTX_HEADER_ID|por_items_ctx_hdrs_tlp|UNKNOWN|1
FUSION|UNKNOWN_FK|POR_LOCAL_CATALOGS|CATALOG_ID|por_catalogs_all_b|UNKNOWN|1
FUSION|UNKNOWN_FK|POR_MAP_SET_HEADERS_ALL_B|MAP_SET_ID|por_map_set_headers_all_b|UNKNOWN|1
FUSION|UNKNOWN_FK|POR_MAP_SET_HEADERS_ALL_B|MAP_SET_ID|por_map_set_headers_all_b|UNKNOWN|1
FUSION|UNKNOWN_FK|POR_MAP_SET_HEADERS_ALL_B|MAP_SET_ID|por_map_set_headers_all_b|UNKNOWN|1
FUSION|UNKNOWN_FK|POR_MAP_SET_HEADERS_ALL_TL|MAP_SET_ID|por_map_set_headers_all_b|UNKNOWN|1
FUSION|UNKNOWN_FK|POR_MAP_SET_LINES|MAP_SET_ID|por_map_set_headers_all_b|UNKNOWN|1
FUSION|UNKNOWN_FK|POR_ONE_TIME_LOCATIONS|REQUISITION_LINE_ID|por_requisition_lines_all|UNKNOWN|1
FUSION|UNKNOWN_FK|POR_PERSONAL_LIST_HEADERS|PERSONAL_LIST_HEADER_ID|por_personal_list_headers|UNKNOWN|1
FUSION|UNKNOWN_FK|POR_PERSONAL_LIST_LINES|PERSONAL_LIST_HEADER_ID|por_personal_list_headers|UNKNOWN|1
FUSION|UNKNOWN_FK|POR_PERSONAL_LIST_LINES|PERSONAL_LIST_LINE_ID|por_personal_list_lines|UNKNOWN|1
FUSION|UNKNOWN_FK|POR_PL_INFO_TEMPLATE_VALUES|PERSONAL_LIST_LINE_ID|por_personal_list_lines|UNKNOWN|1
FUSION|UNKNOWN_FK|POR_PL_INFO_TEMPLATE_VALUES|INFO_TEMPLATE_ID|por_info_templates_all_b|UNKNOWN|1
FUSION|UNKNOWN_FK|POR_PUBLIC_LIST_HEADERS_ALL_B|PUBLIC_LIST_HEADER_ID|por_public_list_headers_all_b|UNKNOWN|1
FUSION|UNKNOWN_FK|POR_PUBLIC_LIST_HEADERS_ALL_TL|PUBLIC_LIST_HEADER_ID|por_public_list_headers_all_b|UNKNOWN|1
FUSION|UNKNOWN_FK|POR_PUNCHOUT_CATALOGS|CATALOG_ID|por_catalogs_all_b|UNKNOWN|1
FUSION|UNKNOWN_FK|POR_PUNCHOUT_CATALOGS|MAP_SET_ID|por_map_set_headers_all_b|UNKNOWN|1
FUSION|UNKNOWN_FK|POR_PUNCHOUT_CATALOGS|VENDOR_ID|poz_suppliers|UNKNOWN|1
FUSION|UNKNOWN_FK|POR_PUNCHOUT_CATALOGS|PUNCHOUT_CATALOG_ID|por_punchout_catalogs|UNKNOWN|1
FUSION|UNKNOWN_FK|POR_PUNCHOUT_ITEM_ERRORS|JOB_NUMBER|por_doc_upload_jobs|UNKNOWN|1
FUSION|UNKNOWN_FK|POR_PUNCHOUT_ITEMS|PUNCHOUT_CATALOG_ID|por_punchout_catalogs|UNKNOWN|1
FUSION|UNKNOWN_FK|POR_REQ_BCEA_DATA|DISTRIBUTION_ID|por_req_distributions_all|UNKNOWN|1
FUSION|UNKNOWN_FK|POR_REQ_BU_OPTIONS_ALL|LINE_TYPE_ID|po_line_types_b|UNKNOWN|1
FUSION|UNKNOWN_FK|POR_REQ_CONFIG_COMPS_INT|REQ_LINE_INTERFACE_ID|por_req_lines_interface_all|UNKNOWN|1
FUSION|UNKNOWN_FK|POR_REQ_DISTRIBUTIONS_ALL|REQUISITION_LINE_ID|por_requisition_lines_all|UNKNOWN|1
FUSION|UNKNOWN_FK|POR_REQ_DISTRIBUTIONS_ALL|REQ_DISTRIBUTION_ID|por_req_distributions_all|UNKNOWN|1
FUSION|UNKNOWN_FK|POR_REQ_DISTRIBUTIONS_ALL|REQ_DISTRIBUTION_ID|por_req_distributions_all|UNKNOWN|1
FUSION|UNKNOWN_FK|POR_REQ_DISTRIBUTIONS_ALL|DISTRIBUTION_ID|por_req_distributions_all|UNKNOWN|1
FUSION|UNKNOWN_FK|POR_REQ_DISTRIBUTIONS_ALL|REQ_DISTRIBUTION_ID|por_req_distributions_all|UNKNOWN|1
FUSION|UNKNOWN_FK|POR_REQ_DISTS_INTERFACE_ALL|REQ_LINE_INTERFACE_ID|por_req_lines_interface_all|UNKNOWN|1
FUSION|UNKNOWN_FK|POR_REQ_HEADERS_INTERFACE_ALL|REQ_HEADER_INTERFACE_ID|por_req_headers_interface_all|UNKNOWN|1
FUSION|UNKNOWN_FK|POR_REQ_INFO_TEMPLATE_VALUES|REQUISITION_LINE_ID|por_requisition_lines_all|UNKNOWN|1
FUSION|UNKNOWN_FK|POR_REQ_LINES_INTERFACE_ALL|REQ_HEADER_INTERFACE_ID|por_req_headers_interface_all|UNKNOWN|1
FUSION|UNKNOWN_FK|POR_REQ_LINES_INTERFACE_ALL|REQ_LINE_INTERFACE_ID|por_req_lines_interface_all|UNKNOWN|1
FUSION|UNKNOWN_FK|POR_REQ_LINES_INTERFACE_ALL|REQ_LINE_INTERFACE_ID|por_req_lines_interface_all|UNKNOWN|1
FUSION|UNKNOWN_FK|POR_REQUISITION_HEADERS_ALL|REQ_HEADER_ID|por_requisition_headers_all|UNKNOWN|1
FUSION|UNKNOWN_FK|POR_REQUISITION_HEADERS_ALL|ORIG_REQ_HEADER_ID|por_requisition_headers_all|UNKNOWN|1
FUSION|UNKNOWN_FK|POR_REQUISITION_HEADERS_ALL|REQ_HEADER_ID|por_requisition_headers_all|UNKNOWN|1
FUSION|UNKNOWN_FK|POR_REQUISITION_HEADERS_ALL|REQUISITION_HEADER_ID|por_requisition_headers_all|UNKNOWN|1
FUSION|UNKNOWN_FK|POR_REQUISITION_HEADERS_ALL|REQUISITION_HEADER_ID|por_requisition_headers_all|UNKNOWN|1
FUSION|UNKNOWN_FK|POR_REQUISITION_HEADERS_ALL|ORIG_REQ_HEADER_ID|por_requisition_headers_all|UNKNOWN|1
FUSION|UNKNOWN_FK|POR_REQUISITION_HEADERS_ALL|REQUISITION_HEADER_ID|por_requisition_headers_all|UNKNOWN|1
FUSION|UNKNOWN_FK|POR_REQUISITION_LINES_ALL|REQUISITION_HEADER_ID|por_requisition_headers_all|UNKNOWN|1
FUSION|UNKNOWN_FK|POR_REQUISITION_LINES_ALL|REQUISITION_LINE_ID|por_requisition_lines_all|UNKNOWN|1
FUSION|UNKNOWN_FK|POR_REQUISITION_LINES_ALL|REQ_LINE_ID|por_requisition_lines_all|UNKNOWN|1
FUSION|UNKNOWN_FK|POR_REQUISITION_LINES_ALL|ORIG_REQ_LINE_ID|por_requisition_lines_all|UNKNOWN|1
FUSION|UNKNOWN_FK|POR_REQUISITION_LINES_ALL|SPLIT_REQ_LINE_ID|por_requisition_lines_all|UNKNOWN|1
FUSION|UNKNOWN_FK|POR_REQUISITION_LINES_ALL|REQ_LINE_ID|por_requisition_lines_all|UNKNOWN|1
FUSION|UNKNOWN_FK|POR_REQUISITION_LINES_ALL|REQUISITION_LINE_ID|por_requisition_lines_all|UNKNOWN|1
FUSION|UNKNOWN_FK|POR_REQUISITION_LINES_ALL|REQUISITION_LINE_ID|por_requisition_lines_all|UNKNOWN|1
FUSION|UNKNOWN_FK|POR_REQUISITION_LINES_ALL|REQUISITION_LINE_ID|por_requisition_lines_all|UNKNOWN|1
FUSION|UNKNOWN_FK|POR_REQUISITION_LINES_ALL|REQUISITION_LINE_ID|por_requisition_lines_all|UNKNOWN|1
FUSION|UNKNOWN_FK|POR_REQUISITION_LINES_ALL|REQUISITION_LINE_ID|por_requisition_lines_all|UNKNOWN|1
FUSION|UNKNOWN_FK|POR_REQUISITION_LINES_ALL|ORIG_REQ_LINE_ID|por_requisition_lines_all|UNKNOWN|1
FUSION|UNKNOWN_FK|POR_REQUISITION_LINES_ALL|SPLIT_REQ_LINE_ID|por_requisition_lines_all|UNKNOWN|1
FUSION|UNKNOWN_FK|POR_REQUISITION_LINES_ALL|REQUISITION_LINE_ID|por_requisition_lines_all|UNKNOWN|1
FUSION|UNKNOWN_FK|POR_REQUISITION_LINES_ALL|REQUISITION_LINE_ID|por_requisition_lines_all|UNKNOWN|1
FUSION|UNKNOWN_FK|POR_SMART_FORM_CAT_ASSIGNMENTS|SMART_FORM_ID|por_smart_forms_all_b|UNKNOWN|1
FUSION|UNKNOWN_FK|POR_SMART_FORMS_ALL_B|CATEGORY_ID|egp_categories_b|UNKNOWN|1
FUSION|UNKNOWN_FK|POR_SMART_FORMS_ALL_B|LINE_TYPE_ID|po_line_types_b|UNKNOWN|1
FUSION|UNKNOWN_FK|POR_SMART_FORMS_ALL_B|AGREEMENT_ID|po_headers_all|UNKNOWN|1
FUSION|UNKNOWN_FK|POR_SMART_FORMS_ALL_B|SUPPLIER_ID|poz_suppliers|UNKNOWN|1
FUSION|UNKNOWN_FK|POR_SMART_FORMS_ALL_B|SMART_FORM_ID|por_smart_forms_all_b|UNKNOWN|1
FUSION|UNKNOWN_FK|POR_SMART_FORMS_ALL_B|SMART_FORM_ID|por_smart_forms_all_b|UNKNOWN|1
FUSION|UNKNOWN_FK|POR_SMART_FORMS_ALL_TL|SMART_FORM_ID|por_smart_forms_all_b|UNKNOWN|1
FUSION|UNKNOWN_FK|POR_USER_PREF_ACCOUNTS_ALL|USER_PREFERENCE_ID|por_user_preferences_all|UNKNOWN|1
FUSION|UNKNOWN_FK|POR_USER_PREFERENCES_ALL|USER_PREFERENCE_ID|por_user_preferences_all|UNKNOWN|1
FUSION|UNKNOWN_FK|PO_SPCL_HANDLING_TYPES_B|SPECIAL_HANDLING_TYPE_ID|po_spcl_handling_types_b|UNKNOWN|1
FUSION|UNKNOWN_FK|PO_SPCL_HANDLING_TYPES_TL|SPECIAL_HANDLING_TYPE_ID|po_spcl_handling_types_b|UNKNOWN|1
FUSION|UNKNOWN_FK|POS_USER_ACCESS_VAL_REQUESTS|PER_PARTY_ID|hz_parties|UNKNOWN|1
FUSION|UNKNOWN_FK|POS_USER_ACCESS_VAL_REQUESTS|CONTACT_REQUEST_ID|poz_contact_attribute_request|UNKNOWN|1
FUSION|UNKNOWN_FK|PO_SYSTEM_PARAMETERS_ALL|DEFAULT_RATE_TYPE|gl_daily_conversion_types|UNKNOWN|1
FUSION|UNKNOWN_FK|PO_SYSTEM_PARAMETERS_ALL|LINE_TYPE_ID|po_line_types_b|UNKNOWN|1
FUSION|UNKNOWN_FK|PO_SYSTEM_PARAMETERS_ALL|PRC_BU_ID|po_system_parameters_all|UNKNOWN|1
FUSION|UNKNOWN_FK|PO_UN_NUMBERS_B|HAZARD_CLASS_ID|po_hazard_classes_b|UNKNOWN|1
FUSION|UNKNOWN_FK|PO_UN_NUMBERS_B|UN_NUMBER_ID|po_un_numbers_b|UNKNOWN|1
FUSION|UNKNOWN_FK|PO_UN_NUMBERS_B|UN_NUMBER_ID|po_un_numbers_b|UNKNOWN|1
FUSION|UNKNOWN_FK|PO_UN_NUMBERS_B|UN_NUMBER_ID|po_un_numbers_b|UNKNOWN|1
FUSION|UNKNOWN_FK|PO_UN_NUMBERS_B|UN_NUMBER_ID|po_un_numbers_b|UNKNOWN|1
FUSION|UNKNOWN_FK|PO_UN_NUMBERS_TL|UN_NUMBER_ID|po_un_numbers_b|UNKNOWN|1
FUSION|UNKNOWN_FK|PO_VERSIONS|PO_HEADER_ID|po_headers_draft_all|UNKNOWN|1
FUSION|UNKNOWN_FK|PO_VERSIONS|PO_VERSION_ID|po_versions|UNKNOWN|1
FUSION|UNKNOWN_FK|PO_WC_HEADERS|PO_HEADER_ID|PO_HEADERS_ALL|UNKNOWN|1
FUSION|UNKNOWN_FK|POZ_ACNT_ADDR_REQS|MAPPING_ID|poz_supplier_mappings|UNKNOWN|1
FUSION|UNKNOWN_FK|POZ_ACNT_ADDR_REQS|PARTY_SITE_ID|hz_party_sites|UNKNOWN|1
FUSION|UNKNOWN_FK|POZ_ACNT_ADDR_REQS|ADDRESS_REQUEST_ID|poz_address_requests|UNKNOWN|1
FUSION|UNKNOWN_FK|POZ_ACNT_ADDR_REQS|SUPPLIER_REG_ID|poz_supplier_registrations|UNKNOWN|1
FUSION|UNKNOWN_FK|POZ_ACNT_ADDR_REQS|ASSIGNMENT_REQUEST_ID|poz_acnt_addr_reqs|UNKNOWN|1
FUSION|UNKNOWN_FK|POZ_ACNT_ADDR_SUMM_REQS|ASSIGNMENT_REQUEST_ID|poz_acnt_addr_reqs|UNKNOWN|1
FUSION|UNKNOWN_FK|POZ_ACNT_ADDR_SUMM_REQS|ACCOUNT_REQUEST_ID|poz_acnt_gen_reqs|UNKNOWN|1
FUSION|UNKNOWN_FK|POZ_ACNT_ADDR_SUMM_REQS|EXT_BANK_ACCOUNT_ID|iby_ext_bank_accounts|UNKNOWN|1
FUSION|UNKNOWN_FK|POZ_ACNT_GEN_REQS|EXT_BANK_ACCOUNT_ID|iby_ext_bank_accounts|UNKNOWN|1
FUSION|UNKNOWN_FK|POZ_ACNT_GEN_REQS|MAPPING_ID|poz_supplier_mappings|UNKNOWN|1
FUSION|UNKNOWN_FK|POZ_ACNT_GEN_REQS|SUPPLIER_REG_ID|poz_supplier_registrations|UNKNOWN|1
FUSION|UNKNOWN_FK|POZ_ACNT_GEN_REQS|ACCOUNT_REQUEST_ID|poz_acnt_gen_reqs|UNKNOWN|1
FUSION|UNKNOWN_FK|POZ_ADDRESS_REQUESTS|MAPPING_ID|poz_supplier_mappings|UNKNOWN|1
FUSION|UNKNOWN_FK|POZ_ADDRESS_REQUESTS|PARTY_SITE_ID|hz_party_sites|UNKNOWN|1
FUSION|UNKNOWN_FK|POZ_ADDRESS_REQUESTS|SUPPLIER_REG_ID|poz_supplier_registrations|UNKNOWN|1
FUSION|UNKNOWN_FK|POZ_ADDRESS_REQUESTS|ADDRESS_REQ_ID|poz_address_requests|UNKNOWN|1
FUSION|UNKNOWN_FK|POZ_ADDRESS_REQUESTS|ADDRESS_REQUEST_ID|poz_address_requests|UNKNOWN|1
FUSION|UNKNOWN_FK|POZ_APPROVAL_HISTORY|VENDOR_ID|poz_suppliers|UNKNOWN|1
FUSION|UNKNOWN_FK|POZ_B2B_DOCUMENT_CONFIGS|VENDOR_SITE_ID|poz_supplier_sites_all_m|UNKNOWN|1
FUSION|UNKNOWN_FK|POZ_BUS_CLASS_REQS|MAPPING_ID|poz_supplier_mappings|UNKNOWN|1
FUSION|UNKNOWN_FK|POZ_BUS_CLASS_REQS|CLASSIFICATION_ID|poz_bus_classifications|UNKNOWN|1
FUSION|UNKNOWN_FK|POZ_BUS_CLASS_REQS|PROVIDED_BY_CONTACT_ID|hz_parties|UNKNOWN|1
FUSION|UNKNOWN_FK|POZ_BUS_CLASS_REQS|SUPPLIER_REG_ID|poz_supplier_registrations|UNKNOWN|1
FUSION|UNKNOWN_FK|POZ_BUS_CLASS_REQS|CLASSIFICATION_ID_ORIGINAL|poz_bus_classifications|UNKNOWN|1
FUSION|UNKNOWN_FK|POZ_BUS_CLASS_REQS|SUPP_BUS_CLASS_RQST_ID|poz_bus_class_reqs|UNKNOWN|1
FUSION|UNKNOWN_FK|POZ_CERT_AGENCY_CLASSFNS|AGENCY_ID|poz_certifying_agencies|UNKNOWN|1
FUSION|UNKNOWN_FK|POZ_CERTIFYING_AGENCIES|AGENCY_ID|poz_certifying_agencies|UNKNOWN|1
FUSION|UNKNOWN_FK|POZ_CONTACT_ATTRIBUTE_REQUEST|PER_PARTY_ID|hz_parties|UNKNOWN|1
FUSION|UNKNOWN_FK|POZ_CONTACT_ATTRIBUTE_REQUEST|CONTACT_REQUEST_ID|poz_contact_requests|UNKNOWN|1
FUSION|UNKNOWN_FK|POZ_CONTACT_ATTRIBUTE_REQUEST|CONTACT_REQUEST_ID|poz_contact_attribute_request|UNKNOWN|1
FUSION|UNKNOWN_FK|POZ_CONTACT_ATTRIBUTES|PER_PARTY_ID|hz_parties|UNKNOWN|1
FUSION|UNKNOWN_FK|POZ_CONTACT_ATTRIBUTES|PER_PARTY_ID|poz_contact_attributes|UNKNOWN|1
FUSION|UNKNOWN_FK|POZ_CONTACT_REQUESTS|MAPPING_ID|poz_supplier_mappings|UNKNOWN|1
FUSION|UNKNOWN_FK|POZ_CONTACT_REQUESTS|CONTACT_PARTY_ID|hz_parties|UNKNOWN|1
FUSION|UNKNOWN_FK|POZ_CONTACT_REQUESTS|SUPPLIER_REG_ID|poz_supplier_registrations|UNKNOWN|1
FUSION|UNKNOWN_FK|POZ_CONTACT_REQUESTS|CONTACT_REQUEST_ID|poz_contact_requests|UNKNOWN|1
FUSION|UNKNOWN_FK|POZ_CONTACT_REQUESTS|CONTACT_REQ_ID|poz_contact_requests|UNKNOWN|1
FUSION|UNKNOWN_FK|POZ_CONTACT_REQUESTS|CONTACT_REQUEST_ID|poz_contact_requests|UNKNOWN|1
FUSION|UNKNOWN_FK|POZ_CONT_ADDR_REQUESTS|MAPPING_ID|poz_supplier_mappings|UNKNOWN|1
FUSION|UNKNOWN_FK|POZ_CONT_ADDR_REQUESTS|CONTACT_PARTY_ID|hz_parties|UNKNOWN|1
FUSION|UNKNOWN_FK|POZ_CONT_ADDR_REQUESTS|CONTACT_REQ_ID|poz_contact_requests|UNKNOWN|1
FUSION|UNKNOWN_FK|POZ_CONT_ADDR_REQUESTS|PARTY_SITE_ID|hz_party_sites|UNKNOWN|1
FUSION|UNKNOWN_FK|POZ_CONT_ADDR_REQUESTS|ADDRESS_REQ_ID|poz_address_requests|UNKNOWN|1
FUSION|UNKNOWN_FK|POZ_CONT_ADDR_REQUESTS|SUPPLIER_REG_ID|poz_supplier_registrations|UNKNOWN|1
FUSION|UNKNOWN_FK|POZ_PRODUCT_SERVICE_REQUESTS|MAPPING_ID|poz_supplier_mappings|UNKNOWN|1
FUSION|UNKNOWN_FK|POZ_PRODUCT_SERVICE_REQUESTS|SUPPLIER_REG_ID|poz_supplier_registrations|UNKNOWN|1
FUSION|UNKNOWN_FK|POZ_PROVISIONABLE_ROLES|ROLE_GUID|per_roles_dn|UNKNOWN|1
FUSION|UNKNOWN_FK|POZ_SITE_ASSIGNMENTS_ALL_M|ACCTS_PAY_CODE_COMBINATION_ID|gl_code_combinations|UNKNOWN|1
FUSION|UNKNOWN_FK|POZ_SITE_ASSIGNMENTS_ALL_M|DISTRIBUTION_SET_ID|ap_distribution_sets_all|UNKNOWN|1
FUSION|UNKNOWN_FK|POZ_SITE_ASSIGNMENTS_ALL_M|FUTURE_DATED_PAYMENT_CCID|gl_code_combinations|UNKNOWN|1
FUSION|UNKNOWN_FK|POZ_SITE_ASSIGNMENTS_ALL_M|PREPAY_CODE_COMBINATION_ID|gl_code_combinations|UNKNOWN|1
FUSION|UNKNOWN_FK|POZ_SITE_ASSIGNMENTS_ALL_M|MERGE_REQUEST_ID|poz_supplier_merge_requests|UNKNOWN|1
FUSION|UNKNOWN_FK|POZ_SITE_ASSIGNMENTS_ALL_M|ASSIGNMENT_ID|poz_site_assignments_all_m|UNKNOWN|1
FUSION|UNKNOWN_FK|POZ_SITE_ASSIGNMENTS_ALL_M|ASSIGNMENT_ID|poz_site_assignments_all_m|UNKNOWN|1
FUSION|UNKNOWN_FK|POZ_SPEND_AUTH_REQUESTS|VENDOR_ID|poz_suppliers|UNKNOWN|1
FUSION|UNKNOWN_FK|POZ_SUPP_ACCT_OWNER_REQUESTS|SUPP_REQUEST_ID|poz_supp_requests|UNKNOWN|1
FUSION|UNKNOWN_FK|POZ_SUPP_ADDRESS_REQUESTS|PARTY_SITE_ID|hz_party_sites|UNKNOWN|1
FUSION|UNKNOWN_FK|POZ_SUPP_ADDRESS_REQUESTS|SUPP_ADDRESS_REQUEST_ID|poz_supp_address_requests|UNKNOWN|1
FUSION|UNKNOWN_FK|POZ_SUPP_BANK_ACCT_REQUESTS|SUPP_REQUEST_ID|poz_supp_requests|UNKNOWN|1
FUSION|UNKNOWN_FK|POZ_SUPP_BANK_ACCT_REQUESTS|EXT_BANK_ACCOUNT_ID|iby_ext_bank_accounts|UNKNOWN|1
FUSION|UNKNOWN_FK|POZ_SUPP_BANK_ACCT_REQUESTS|PARTY_SITE_ID|hz_party_sites|UNKNOWN|1
FUSION|UNKNOWN_FK|POZ_SUPP_BANK_ACCT_REQUESTS|VENDOR_SITE_ID|poz_supplier_sites_all_m|UNKNOWN|1
FUSION|UNKNOWN_FK|POZ_SUPP_BUS_CLASS_REQUESTS|SUPP_REQUEST_ID|poz_supp_requests|UNKNOWN|1
FUSION|UNKNOWN_FK|POZ_SUPP_BUS_CLASS_REQUESTS|SUPP_BUS_CLASS_RQST_ID|poz_bus_class_reqs|UNKNOWN|1
FUSION|UNKNOWN_FK|POZ_SUPP_CONTACT_REQUESTS|SUPP_REQUEST_ID|poz_supp_requests|UNKNOWN|1
FUSION|UNKNOWN_FK|POZ_SUPP_CONTACT_REQUESTS|CONTACT_PARTY_ID|hz_parties|UNKNOWN|1
FUSION|UNKNOWN_FK|POZ_SUPP_CONTACT_REQUESTS|SUPP_CONTACT_REQUEST_ID|poz_supp_contact_requests|UNKNOWN|1
FUSION|UNKNOWN_FK|POZ_SUPP_CONT_ADDR_REQUESTS|SUPP_CONTACT_REQUEST_ID|poz_supp_contact_requests|UNKNOWN|1
FUSION|UNKNOWN_FK|POZ_SUPP_CONT_ADDR_REQUESTS|SUPP_ADDRESS_REQUEST_ID|poz_supp_address_requests|UNKNOWN|1
FUSION|UNKNOWN_FK|POZ_SUPP_CONT_ADDR_REQUESTS|CONTACT_PARTY_ID|hz_parties|UNKNOWN|1
FUSION|UNKNOWN_FK|POZ_SUPP_CONT_ADDR_REQUESTS|PARTY_SITE_ID|hz_party_sites|UNKNOWN|1
FUSION|UNKNOWN_FK|POZ_SUPP_CONT_ADDR_REQUESTS|SUPP_REQUEST_ID|poz_supp_requests|UNKNOWN|1
FUSION|UNKNOWN_FK|POZ_SUPP_INTERM_ACCT_REQUESTS|SUPP_REQUEST_ID|poz_supp_requests|UNKNOWN|1
FUSION|UNKNOWN_FK|POZ_SUPPLIER_CONTACTS|PER_PARTY_ID|hz_parties|UNKNOWN|1
FUSION|UNKNOWN_FK|POZ_SUPPLIER_CONTACTS|ORG_PARTY_SITE_ID|hz_party_sites|UNKNOWN|1
FUSION|UNKNOWN_FK|POZ_SUPPLIER_CONTACTS|PARTY_SITE_ID|hz_party_sites|UNKNOWN|1
FUSION|UNKNOWN_FK|POZ_SUPPLIER_CONTACTS|ORG_CONTACT_ID|hz_org_contacts|UNKNOWN|1
FUSION|UNKNOWN_FK|POZ_SUPPLIER_CONTACTS|VENDOR_CONTACT_ID|poz_supplier_contacts|UNKNOWN|1
FUSION|UNKNOWN_FK|POZ_SUPPLIER_CONTACTS|VENDOR_CONTACT_ID|poz_supplier_contacts|UNKNOWN|1
FUSION|UNKNOWN_FK|POZ_SUPPLIER_CONTACTS|VENDOR_CONTACT_ID|poz_supplier_contacts|UNKNOWN|1
FUSION|UNKNOWN_FK|POZ_SUPPLIER_MAPPINGS|PARTY_ID|hz_parties|UNKNOWN|1
FUSION|UNKNOWN_FK|POZ_SUPPLIER_MAPPINGS|VENDOR_ID|poz_suppliers|UNKNOWN|1
FUSION|UNKNOWN_FK|POZ_SUPPLIER_MAPPINGS|SUPPLIER_REG_ID|poz_supplier_registrations|UNKNOWN|1
FUSION|UNKNOWN_FK|POZ_SUPPLIER_MAPPINGS|POQ_QUESTNAIRE_RESPONSE_ID|poq_questnaire_responses|UNKNOWN|1
FUSION|UNKNOWN_FK|POZ_SUPPLIER_MAPPINGS|PON_RESPONSE_HDR_ID, PON_RESPONSE_ID|pon_bid_requirements|UNKNOWN|1
FUSION|UNKNOWN_FK|POZ_SUPPLIER_MAPPINGS|MAPPING_ID|poz_supplier_mappings|UNKNOWN|1
FUSION|UNKNOWN_FK|POZ_SUPPLIER_MAPPINGS|MAPPING_ID|poz_supplier_mappings|UNKNOWN|1
FUSION|UNKNOWN_FK|POZ_SUPPLIER_MAPPINGS|MAPPING_ID|poz_supplier_mappings|UNKNOWN|1
FUSION|UNKNOWN_FK|POZ_SUPPLIER_MAPPINGS|MAPPING_ID|poz_supplier_mappings|UNKNOWN|1
FUSION|UNKNOWN_FK|POZ_SUPPLIER_MAPPINGS|MAPPING_ID|poz_supplier_mappings|UNKNOWN|1
FUSION|UNKNOWN_FK|POZ_SUPPLIER_MAPPINGS|MAPPING_ID|poz_supplier_mappings|UNKNOWN|1
FUSION|UNKNOWN_FK|POZ_SUPPLIER_MAPPINGS|MAPPING_ID|poz_supplier_mappings|UNKNOWN|1
FUSION|UNKNOWN_FK|POZ_SUPPLIER_MERGE_REQUESTS|FROM_VENDOR_ID|poz_suppliers|UNKNOWN|1
FUSION|UNKNOWN_FK|POZ_SUPPLIER_MERGE_REQUESTS|TO_VENDOR_ID|poz_suppliers|UNKNOWN|1
FUSION|UNKNOWN_FK|POZ_SUPPLIER_MERGE_REQUESTS|MERGE_REQUEST_ID|poz_supplier_merge_requests|UNKNOWN|1
FUSION|UNKNOWN_FK|POZ_SUPPLIER_MERGE_REQUESTS|MERGE_REQUEST_ID|poz_supplier_merge_requests|UNKNOWN|1
FUSION|UNKNOWN_FK|POZ_SUPPLIER_MERGE_REQUESTS|MERGE_REQUEST_ID|poz_supplier_merge_requests|UNKNOWN|1
FUSION|UNKNOWN_FK|POZ_SUPPLIER_NEWS_B|SUPPLIER_NEWS_ID|poz_supplier_news_b|UNKNOWN|1
FUSION|UNKNOWN_FK|POZ_SUPPLIER_NEWS_TL|SUPPLIER_NEWS_ID|poz_supplier_news_b|UNKNOWN|1
FUSION|UNKNOWN_FK|POZ_SUPPLIER_REGISTRATIONS|VENDOR_ID|poz_suppliers|UNKNOWN|1
FUSION|UNKNOWN_FK|POZ_SUPPLIER_REGISTRATIONS|VENDOR_PARTY_ID|hz_parties|UNKNOWN|1
FUSION|UNKNOWN_FK|POZ_SUPPLIER_REGISTRATIONS|SUPPLIER_REG_ID|poz_supplier_registrations|UNKNOWN|1
FUSION|UNKNOWN_FK|POZ_SUPPLIER_REGISTRATIONS|SUPPLIER_REG_ID|poz_supplier_registrations|UNKNOWN|1
FUSION|UNKNOWN_FK|POZ_SUPPLIER_REGISTRATIONS|SUPPLIER_REG_ID|poz_supplier_registrations|UNKNOWN|1
FUSION|UNKNOWN_FK|POZ_SUPPLIER_REGISTRATIONS|SUPPLIER_REG_ID|poz_supplier_registrations|UNKNOWN|1
FUSION|UNKNOWN_FK|POZ_SUPPLIER_REGISTRATIONS|SUPPLIER_REG_ID|poz_supplier_registrations|UNKNOWN|1
FUSION|UNKNOWN_FK|POZ_SUPPLIER_REGISTRATIONS|SUPPLIER_REG_ID|poz_supplier_registrations|UNKNOWN|1
FUSION|UNKNOWN_FK|POZ_SUPPLIER_REGISTRATIONS|SUPPLIER_REG_ID|poz_supplier_registrations|UNKNOWN|1
FUSION|UNKNOWN_FK|POZ_SUPPLIER_REGISTRATIONS|SUPPLIER_REG_ID|poz_supplier_registrations|UNKNOWN|1
FUSION|UNKNOWN_FK|POZ_SUPPLIER_REGISTRATIONS|SUPPLIER_REG_ID|poz_supplier_registrations|UNKNOWN|1
FUSION|UNKNOWN_FK|POZ_SUPPLIERS|PARTY_ID|hz_parties|UNKNOWN|1
FUSION|UNKNOWN_FK|POZ_SUPPLIERS|PARENT_PARTY_ID|hz_parties|UNKNOWN|1
FUSION|UNKNOWN_FK|POZ_SUPPLIERS|PARENT_VENDOR_ID|poz_suppliers|UNKNOWN|1
FUSION|UNKNOWN_FK|POZ_SUPPLIERS|SET_OF_BOOKS_ID|gl_ledgers|UNKNOWN|1
FUSION|UNKNOWN_FK|POZ_SUPPLIERS|TYPE_1099|ap_income_tax_types|UNKNOWN|1
FUSION|UNKNOWN_FK|POZ_SUPPLIERS|PO_VENDOR_ID|poz_suppliers|UNKNOWN|1
FUSION|UNKNOWN_FK|POZ_SUPPLIERS|PO_VENDOR_ID|poz_suppliers|UNKNOWN|1
FUSION|UNKNOWN_FK|POZ_SUPPLIERS|VENDOR_ID|poz_suppliers|UNKNOWN|1
FUSION|UNKNOWN_FK|POZ_SUPPLIERS|REMIT_TO_SUPPLIER_ID|poz_suppliers|UNKNOWN|1
FUSION|UNKNOWN_FK|POZ_SUPPLIERS|VENDOR_ID|poz_suppliers|UNKNOWN|1
FUSION|UNKNOWN_FK|POZ_SUPPLIERS|ESCHEATMENT_VENDOR_ID|poz_suppliers|UNKNOWN|1
FUSION|UNKNOWN_FK|POZ_SUPPLIERS|VENDOR_ID|poz_suppliers|UNKNOWN|1
FUSION|UNKNOWN_FK|POZ_SUPPLIERS|REMIT_TO_SUPPLIER_ID|poz_suppliers|UNKNOWN|1
FUSION|UNKNOWN_FK|POZ_SUPPLIERS|VENDOR_ID|poz_suppliers|UNKNOWN|1
FUSION|UNKNOWN_FK|POZ_SUPPLIERS|VENDOR_ID|poz_suppliers|UNKNOWN|1
FUSION|UNKNOWN_FK|POZ_SUPPLIERS|AWT_VENDOR_ID|poz_suppliers|UNKNOWN|1
FUSION|UNKNOWN_FK|POZ_SUPPLIERS|ORIGINAL_UNIT_VENDOR_ID|poz_suppliers|UNKNOWN|1
FUSION|UNKNOWN_FK|POZ_SUPPLIERS|VENDOR_ID|poz_suppliers|UNKNOWN|1
FUSION|UNKNOWN_FK|POZ_SUPPLIERS|PO_VENDOR_ID|poz_suppliers|UNKNOWN|1
FUSION|UNKNOWN_FK|POZ_SUPPLIERS|LESSOR_ID|poz_suppliers|UNKNOWN|1
FUSION|UNKNOWN_FK|POZ_SUPPLIERS|VENDOR_ID|poz_suppliers|UNKNOWN|1
FUSION|UNKNOWN_FK|POZ_SUPPLIERS|SUPPLIER_ID|poz_suppliers|UNKNOWN|1
FUSION|UNKNOWN_FK|POZ_SUPPLIERS|VENDOR_ID|poz_suppliers|UNKNOWN|1
FUSION|UNKNOWN_FK|POZ_SUPPLIERS|REMIT_TO_SUPPLIER_ID|poz_suppliers|UNKNOWN|1
FUSION|UNKNOWN_FK|POZ_SUPPLIERS|VENDOR_ID|poz_suppliers|UNKNOWN|1
FUSION|UNKNOWN_FK|POZ_SUPPLIERS|VENDOR_ID|poz_suppliers|UNKNOWN|1
FUSION|UNKNOWN_FK|POZ_SUPPLIERS|VENDOR_ID|poz_suppliers|UNKNOWN|1
FUSION|UNKNOWN_FK|POZ_SUPPLIERS|OWNING_ENTITY_ID|poz_suppliers|UNKNOWN|1
FUSION|UNKNOWN_FK|POZ_SUPPLIERS|SUPPLIER_ID|poz_suppliers|UNKNOWN|1
FUSION|UNKNOWN_FK|POZ_SUPPLIERS|VENDOR_ID|poz_suppliers|UNKNOWN|1
FUSION|UNKNOWN_FK|POZ_SUPPLIERS|PO_VENDOR_ID|poz_suppliers|UNKNOWN|1
FUSION|UNKNOWN_FK|POZ_SUPPLIERS|VENDOR_ID|poz_suppliers|UNKNOWN|1
FUSION|UNKNOWN_FK|POZ_SUPPLIERS|VENDOR_ID|poz_suppliers|UNKNOWN|1
FUSION|UNKNOWN_FK|POZ_SUPPLIERS|VENDOR_ID|poz_suppliers|UNKNOWN|1
FUSION|UNKNOWN_FK|POZ_SUPPLIERS|PARENT_VENDOR_ID|poz_suppliers|UNKNOWN|1
FUSION|UNKNOWN_FK|POZ_SUPPLIERS|FROM_VENDOR_ID|poz_suppliers|UNKNOWN|1
FUSION|UNKNOWN_FK|POZ_SUPPLIERS|TO_VENDOR_ID|poz_suppliers|UNKNOWN|1
FUSION|UNKNOWN_FK|POZ_SUPPLIERS|SUPPLIER_ID|poz_suppliers|UNKNOWN|1
FUSION|UNKNOWN_FK|POZ_SUPPLIERS|VENDOR_ID|poz_suppliers|UNKNOWN|1
FUSION|UNKNOWN_FK|POZ_SUPPLIERS|VENDOR_ID|poz_suppliers|UNKNOWN|1
FUSION|UNKNOWN_FK|POZ_SUPPLIERS|REMIT_TO_SUPPLIER_ID|poz_suppliers|UNKNOWN|1
FUSION|UNKNOWN_FK|POZ_SUPPLIERS|PO_VENDOR_ID|poz_suppliers|UNKNOWN|1
FUSION|UNKNOWN_FK|POZ_SUPPLIERS|VENDOR_ID|poz_suppliers|UNKNOWN|1
FUSION|UNKNOWN_FK|POZ_SUPPLIERS|VENDOR_ID|poz_suppliers|UNKNOWN|1
FUSION|UNKNOWN_FK|POZ_SUPPLIERS|REMIT_TO_SUPPLIER_ID|poz_suppliers|UNKNOWN|1
FUSION|UNKNOWN_FK|POZ_SUPPLIERS|VENDOR_ID|poz_suppliers|UNKNOWN|1
FUSION|UNKNOWN_FK|POZ_SUPPLIERS|VENDOR_ID|poz_suppliers|UNKNOWN|1
FUSION|UNKNOWN_FK|POZ_SUPPLIERS|VENDOR_ID|poz_suppliers|UNKNOWN|1
FUSION|UNKNOWN_FK|POZ_SUPPLIERS|VENDOR_ID|poz_suppliers|UNKNOWN|1
FUSION|UNKNOWN_FK|POZ_SUPPLIERS|VENDOR_ID|poz_suppliers|UNKNOWN|1
FUSION|UNKNOWN_FK|POZ_SUPPLIERS|VENDOR_ID|poz_suppliers|UNKNOWN|1
FUSION|UNKNOWN_FK|POZ_SUPPLIERS|SUPPLIER_NUMBER|poz_suppliers|UNKNOWN|1
FUSION|UNKNOWN_FK|POZ_SUPPLIERS|SUPPLIER_ID|poz_suppliers|UNKNOWN|1
FUSION|UNKNOWN_FK|POZ_SUPPLIERS|VENDOR_ID|poz_suppliers|UNKNOWN|1
FUSION|UNKNOWN_FK|POZ_SUPPLIER_SITES_ALL_M|VENDOR_ID|poz_suppliers|UNKNOWN|1
FUSION|UNKNOWN_FK|POZ_SUPPLIER_SITES_ALL_M|PARTY_SITE_ID|hz_party_sites|UNKNOWN|1
FUSION|UNKNOWN_FK|POZ_SUPPLIER_SITES_ALL_M|SERVICES_TOLERANCE_ID|ap_tolerance_templates|UNKNOWN|1
FUSION|UNKNOWN_FK|POZ_SUPPLIER_SITES_ALL_M|TOLERANCE_ID|ap_tolerance_templates|UNKNOWN|1
FUSION|UNKNOWN_FK|POZ_SUPPLIER_SITES_ALL_M|ESCHEATMENT_VENDOR_SITE_ID|poz_supplier_sites_all_m|UNKNOWN|1
FUSION|UNKNOWN_FK|POZ_SUPPLIER_SITES_ALL_M|SUPPLIER_SITE_ID|poz_supplier_sites_all_m|UNKNOWN|1
FUSION|UNKNOWN_FK|POZ_SUPPLIER_SITES_ALL_M|VENDOR_SITE_ID|poz_supplier_sites_all_m|UNKNOWN|1
FUSION|UNKNOWN_FK|POZ_SUPPLIER_SITES_ALL_M|VENDOR_SITE_ID|poz_supplier_sites_all_m|UNKNOWN|1
FUSION|UNKNOWN_FK|POZ_SUPPLIER_SITES_ALL_M|VENDOR_SITE_ID|poz_supplier_sites_all_m|UNKNOWN|1
FUSION|UNKNOWN_FK|POZ_SUPPLIER_SITES_ALL_M|VENDOR_SITE_ID|poz_supplier_sites_all_m|UNKNOWN|1
FUSION|UNKNOWN_FK|POZ_SUPPLIER_SITES_ALL_M|VENDOR_SITE_ID|poz_supplier_sites_all_m|UNKNOWN|1
FUSION|UNKNOWN_FK|POZ_SUPPLIER_SITES_ALL_M|SUPPLIER_SITE_ID|poz_supplier_sites_all_m|UNKNOWN|1
FUSION|UNKNOWN_FK|POZ_SUPPLIER_SITES_PII|VENDOR_SITE_ID|poz_supplier_sites_all_m|UNKNOWN|1
FUSION|UNKNOWN_FK|POZ_SUPPLIERS_PII|VENDOR_ID|poz_suppliers|UNKNOWN|1
FUSION|UNKNOWN_FK|POZ_SUPP_ORG_DETAILS_REQUESTS|SUPP_REQUEST_ID|poz_supp_requests|UNKNOWN|1
FUSION|UNKNOWN_FK|POZ_SUPP_PMT_METHOD_REQUESTS|SUPP_REQUEST_ID|poz_supp_requests|UNKNOWN|1
FUSION|UNKNOWN_FK|POZ_SUPP_PMT_METHOD_REQUESTS|VENDOR_SITE_ID|poz_supplier_sites_all_m|UNKNOWN|1
FUSION|UNKNOWN_FK|POZ_SUPP_PMT_METHOD_REQUESTS|PAYMENT_METHOD_CODE|iby_payment_methods_b|UNKNOWN|1
FUSION|UNKNOWN_FK|POZ_SUPP_REQUESTS|VENDOR_ID|poz_suppliers|UNKNOWN|1
FUSION|UNKNOWN_FK|POZ_SUPP_REQUESTS|REQUEST_BY_PERSON_ID|per_persons|UNKNOWN|1
FUSION|UNKNOWN_FK|POZ_SUPP_REQUESTS|REQUEST_BY_PARTY_ID|hz_parties|UNKNOWN|1
FUSION|UNKNOWN_FK|POZ_SUPP_REQUESTS|SUPP_REQUEST_ID|poz_supp_requests|UNKNOWN|1
FUSION|UNKNOWN_FK|POZ_SUPP_REQUESTS|SUPP_REQUEST_ID|poz_supp_requests|UNKNOWN|1
FUSION|UNKNOWN_FK|POZ_SUPP_REQUESTS|SUPP_REQUEST_ID|poz_supp_requests|UNKNOWN|1
FUSION|UNKNOWN_FK|POZ_SUPP_REQUESTS|SUPP_REQUEST_ID|poz_supp_requests|UNKNOWN|1
FUSION|UNKNOWN_FK|POZ_SUPP_REQUESTS|SUPP_REQUEST_ID|poz_supp_requests|UNKNOWN|1
FUSION|UNKNOWN_FK|POZ_SUPP_REQUESTS|SUPP_REQUEST_ID|poz_supp_requests|UNKNOWN|1
FUSION|UNKNOWN_FK|POZ_SUPP_REQUESTS|SUPP_REQUEST_ID|poz_supp_requests|UNKNOWN|1
FUSION|UNKNOWN_FK|POZ_SUPP_REQUESTS|SUPP_REQUEST_ID|poz_supp_requests|UNKNOWN|1
FUSION|UNKNOWN_FK|POZ_SUPP_REQUESTS|SUPP_REQUEST_ID|poz_supp_requests|UNKNOWN|1
FUSION|UNKNOWN_FK|POZ_SUPP_REQUESTS|SUPP_REQUEST_ID|poz_supp_requests|UNKNOWN|1
FUSION|UNKNOWN_FK|POZ_SUPP_REQUESTS|SUPP_REQUEST_ID|poz_supp_requests|UNKNOWN|1
FUSION|UNKNOWN_FK|POZ_SUPP_REQUESTS|SUPP_REQUEST_ID|poz_supp_requests|UNKNOWN|1
FUSION|UNKNOWN_FK|POZ_SUPP_REQUESTS|SUPP_REQUEST_ID|poz_supp_requests|UNKNOWN|1
FUSION|UNKNOWN_FK|POZ_SUPP_REQUESTS|SUPP_REQUEST_ID|poz_supp_requests|UNKNOWN|1
FUSION|UNKNOWN_FK|POZ_SUPP_REQUESTS|SUPP_REQUEST_ID|poz_supp_requests|UNKNOWN|1
FUSION|UNKNOWN_FK|POZ_SUPP_REQUESTS_PII|SUPP_REQUEST_ID|poz_supp_requests|UNKNOWN|1
FUSION|UNKNOWN_FK|POZ_SUP_PRODUCTS_SERVICES|VENDOR_ID|poz_suppliers|UNKNOWN|1
FUSION|UNKNOWN_FK|POZ_SUPP_SITE_ASSIGN_REQUESTS|SUPP_REQUEST_ID|poz_supp_requests|UNKNOWN|1
FUSION|UNKNOWN_FK|POZ_SUPP_SITE_ASSIGN_REQUESTS|ACCTS_PAY_CODE_COMBINATION_ID|gl_code_combinations|UNKNOWN|1
FUSION|UNKNOWN_FK|POZ_SUPP_SITE_ASSIGN_REQUESTS|FUTURE_DATED_PAYMENT_CCID|gl_code_combinations|UNKNOWN|1
FUSION|UNKNOWN_FK|POZ_SUPP_SITE_ASSIGN_REQUESTS|PREPAY_CODE_COMBINATION_ID|gl_code_combinations|UNKNOWN|1
FUSION|UNKNOWN_FK|POZ_SUPP_SITE_ASSIGN_REQUESTS|DISTRIBUTION_SET_ID|ap_distribution_sets_all|UNKNOWN|1
FUSION|UNKNOWN_FK|POZ_SUPP_SITE_REQUESTS|TERMS_ID|ap_terms_b|UNKNOWN|1
FUSION|UNKNOWN_FK|POZ_SUPP_SITE_REQUESTS|SUPP_REQUEST_ID|poz_supp_requests|UNKNOWN|1
FUSION|UNKNOWN_FK|POZ_SUPP_SITE_REQUESTS|VENDOR_ID|poz_suppliers|UNKNOWN|1
FUSION|UNKNOWN_FK|POZ_SUPP_SITE_REQUESTS|CARRIER_ID|wsh_carriers|UNKNOWN|1
FUSION|UNKNOWN_FK|POZ_SUPP_SITE_REQUESTS|SITE_REQUEST_ID|poz_supp_site_requests|UNKNOWN|1
FUSION|UNKNOWN_FK|POZ_SUPP_TAX_DETAILS_REQUESTS|SUPP_REQUEST_ID|poz_supp_requests|UNKNOWN|1
FUSION|UNKNOWN_FK|POZ_SUPP_TEMP_BANK_REQUESTS|SUPP_REQUEST_ID|poz_supp_requests|UNKNOWN|1
FUSION|UNKNOWN_FK|POZ_SUPP_TPP_REL_REQUESTS|SUPP_REQUEST_ID|poz_supp_requests|UNKNOWN|1
FUSION|UNKNOWN_FK|POZ_SUPP_TPP_REL_REQUESTS|SITE_REQUEST_ID|poz_supp_site_requests|UNKNOWN|1
FUSION|UNKNOWN_FK|POZ_SUP_REG_PII|SUPPLIER_REG_ID|poz_supplier_registrations|UNKNOWN|1
FUSION|UNKNOWN_FK|POZ_SUP_THIRDPARTY_PAYMENT_REL|VENDOR_SITE_ID|poz_supplier_sites_all_m|UNKNOWN|1
FUSION|UNKNOWN_FK|POZ_SUP_THIRDPARTY_PAYMENT_REL|REMIT_TO_SUPPLIER_ID|hz_parties|UNKNOWN|1
FUSION|UNKNOWN_FK|POZ_SUP_THIRDPARTY_PAYMENT_REL|REMIT_TO_ADDRESS_ID|hz_party_sites|UNKNOWN|1
FUSION|UNKNOWN_FK|POZ_SUP_THIRDPARTY_PAYMENT_REL|RELATIONSHIP_ID|poz_sup_thirdparty_payment_rel|UNKNOWN|1
FUSION|UNKNOWN_FK|POZ_SUP_THIRDPARTY_PAYMENT_REL|RELATIONSHIP_ID|poz_sup_thirdparty_payment_rel|UNKNOWN|1
FUSION|UNKNOWN_FK|POZ_SUP_THIRDPARTY_PAYMENT_REL|RELATIONSHIP_ID|poz_sup_thirdparty_payment_rel|UNKNOWN|1
FUSION|UNKNOWN_FK|POZ_UP_REQUESTS|PERSON_PARTY_ID|hz_parties|UNKNOWN|1
FUSION|UNKNOWN_FK|POZ_UP_REQUESTS|CONTACT_REQUEST_ID|poz_contact_requests|UNKNOWN|1
FUSION|UNKNOWN_FK|POZ_UP_REQUESTS|PER_LDAP_REQUEST_ID|per_ldap_requests|UNKNOWN|1
FUSION|UNKNOWN_FK|POZ_UP_REQUESTS|UP_REQUEST_ID|poz_up_requests|UNKNOWN|1
FUSION|UNKNOWN_FK|POZ_UP_REQUESTS|UP_REQUEST_ID|poz_up_requests|UNKNOWN|1
FUSION|UNKNOWN_FK|POZ_UP_ROLE_REQUESTS|UP_REQUEST_ID|poz_up_requests|UNKNOWN|1
FUSION|UNKNOWN_FK|POZ_UP_ROLE_REQUESTS|PER_LDAP_ROLE_MEMBERSHIP_ID|per_ldap_role_memberships|UNKNOWN|1
FUSION|UNKNOWN_FK|POZ_UP_ROLE_REQUESTS|ROLE_GUID|per_roles_dn|UNKNOWN|1
FUSION|UNKNOWN_FK|POZ_UP_USER_REQUESTS|UP_REQUEST_ID|poz_up_requests|UNKNOWN|1
FUSION|UNKNOWN_FK|POZ_UP_USER_REQUESTS|PER_LDAP_USER_ID|per_ldap_users|UNKNOWN|1
